version,source_id,domain,bucket,phone,looking,count
R7,classroom_attitude,classroom_or_exam_context,A,N,N,1
R7,classroom_attitude,classroom_or_exam_context,A,P,N,2
R7,classroom_attitude,classroom_or_exam_context,A,P,U,4
R7,classroom_attitude,classroom_or_exam_context,B,N,N,2
R7,classroom_attitude,classroom_or_exam_context,B,P,U,30
R7,classroom_attitude,classroom_or_exam_context,D,P,P,2
R7,classroom_attitude,classroom_or_exam_context,D,P,U,17
R7,classroom_attitude,classroom_or_exam_context,D,U,P,2
R7,coco_2017_train,auxiliary_out_of_exam,A,N,N,6
R7,coco_2017_train,auxiliary_out_of_exam,A,N,P,2
R7,coco_2017_train,auxiliary_out_of_exam,A,P,P,3
R7,coco_2017_train,auxiliary_out_of_exam,A,P,U,9
R7,coco_2017_train,auxiliary_out_of_exam,B,N,P,1
R7,coco_2017_train,auxiliary_out_of_exam,B,P,U,2
R7,coco_2017_train,auxiliary_out_of_exam,C,U,N,5
R7,coco_2017_train,auxiliary_out_of_exam,C,U,P,4
R7,coco_2017_train,auxiliary_out_of_exam,D,P,U,7
R7,exam_cheating_keaor,classroom_or_exam_context,C,U,N,1
R7,exam_cheating_keaor,classroom_or_exam_context,C,U,P,1
R7,openimages_train_prefix,auxiliary_out_of_exam,A,N,N,9
R7,openimages_train_prefix,auxiliary_out_of_exam,A,N,U,2
R7,openimages_train_prefix,auxiliary_out_of_exam,A,P,P,5
R7,openimages_train_prefix,auxiliary_out_of_exam,A,P,U,9
R7,openimages_train_prefix,auxiliary_out_of_exam,B,N,N,11
R7,openimages_train_prefix,auxiliary_out_of_exam,B,N,P,4
R7,openimages_train_prefix,auxiliary_out_of_exam,B,N,U,4
R7,openimages_train_prefix,auxiliary_out_of_exam,B,P,U,8
R7,openimages_train_prefix,auxiliary_out_of_exam,C,N,N,2
R7,openimages_train_prefix,auxiliary_out_of_exam,C,U,N,17
R7,openimages_train_prefix,auxiliary_out_of_exam,C,U,P,10
R7,openimages_train_prefix,auxiliary_out_of_exam,D,P,N,1
R7,openimages_train_prefix,auxiliary_out_of_exam,D,P,U,5
R7,openimages_train_prefix,auxiliary_out_of_exam,D,U,N,5
R7,roboflow_v1,classroom_or_exam_context,A,N,N,4
R7,roboflow_v1,classroom_or_exam_context,A,N,P,1
R7,roboflow_v1,classroom_or_exam_context,B,N,N,3
R7,roboflow_v1,classroom_or_exam_context,B,N,U,1
R7,roboflow_v1,classroom_or_exam_context,C,U,N,3
R7,roboflow_v1,classroom_or_exam_context,C,U,P,11
R7,scb_head,classroom_or_exam_context,C,U,N,4
R7,scb_head,classroom_or_exam_context,C,U,P,22
R7,scb_hrw,classroom_or_exam_context,C,U,N,17
R7,scb_hrw,classroom_or_exam_context,C,U,P,1
R7,student_behaviour,classroom_or_exam_context,B,N,N,13
R7,student_behaviour,classroom_or_exam_context,B,N,P,1
Final-proposal,classroom_attitude,classroom_or_exam_context,A,N,N,1
Final-proposal,classroom_attitude,classroom_or_exam_context,A,P,N,2
Final-proposal,classroom_attitude,classroom_or_exam_context,A,P,U,4
Final-proposal,classroom_attitude,classroom_or_exam_context,B,N,N,2
Final-proposal,classroom_attitude,classroom_or_exam_context,B,P,U,28
Final-proposal,classroom_attitude,classroom_or_exam_context,B,U,U,2
Final-proposal,classroom_attitude,classroom_or_exam_context,D,N,N,1
Final-proposal,classroom_attitude,classroom_or_exam_context,D,P,P,2
Final-proposal,classroom_attitude,classroom_or_exam_context,D,P,U,13
Final-proposal,classroom_attitude,classroom_or_exam_context,D,U,P,2
Final-proposal,classroom_attitude,classroom_or_exam_context,D,U,U,3
Final-proposal,coco_2017_train,auxiliary_out_of_exam,A,N,N,6
Final-proposal,coco_2017_train,auxiliary_out_of_exam,A,N,P,2
Final-proposal,coco_2017_train,auxiliary_out_of_exam,A,P,P,3
Final-proposal,coco_2017_train,auxiliary_out_of_exam,A,P,U,9
Final-proposal,coco_2017_train,auxiliary_out_of_exam,B,P,U,2
Final-proposal,coco_2017_train,auxiliary_out_of_exam,B,U,P,1
Final-proposal,coco_2017_train,auxiliary_out_of_exam,C,U,N,5
Final-proposal,coco_2017_train,auxiliary_out_of_exam,C,U,P,3
Final-proposal,coco_2017_train,auxiliary_out_of_exam,C,U,U,1
Final-proposal,coco_2017_train,auxiliary_out_of_exam,D,P,U,6
Final-proposal,coco_2017_train,auxiliary_out_of_exam,D,U,U,1
Final-proposal,exam_cheating_keaor,classroom_or_exam_context,C,U,N,1
Final-proposal,exam_cheating_keaor,classroom_or_exam_context,C,U,P,1
Final-proposal,openimages_train_prefix,auxiliary_out_of_exam,A,N,N,9
Final-proposal,openimages_train_prefix,auxiliary_out_of_exam,A,N,U,2
Final-proposal,openimages_train_prefix,auxiliary_out_of_exam,A,P,P,5
Final-proposal,openimages_train_prefix,auxiliary_out_of_exam,A,P,U,9
Final-proposal,openimages_train_prefix,auxiliary_out_of_exam,B,N,N,9
Final-proposal,openimages_train_prefix,auxiliary_out_of_exam,B,N,P,4
Final-proposal,openimages_train_prefix,auxiliary_out_of_exam,B,N,U,4
Final-proposal,openimages_train_prefix,auxiliary_out_of_exam,B,P,U,6
Final-proposal,openimages_train_prefix,auxiliary_out_of_exam,B,U,N,2
Final-proposal,openimages_train_prefix,auxiliary_out_of_exam,B,U,U,2
Final-proposal,openimages_train_prefix,auxiliary_out_of_exam,C,N,N,2
Final-proposal,openimages_train_prefix,auxiliary_out_of_exam,C,U,N,17
Final-proposal,openimages_train_prefix,auxiliary_out_of_exam,C,U,P,10
Final-proposal,openimages_train_prefix,auxiliary_out_of_exam,D,P,N,1
Final-proposal,openimages_train_prefix,auxiliary_out_of_exam,D,P,U,5
Final-proposal,openimages_train_prefix,auxiliary_out_of_exam,D,U,N,5
Final-proposal,roboflow_v1,classroom_or_exam_context,A,N,N,4
Final-proposal,roboflow_v1,classroom_or_exam_context,A,N,P,1
Final-proposal,roboflow_v1,classroom_or_exam_context,B,N,N,3
Final-proposal,roboflow_v1,classroom_or_exam_context,B,U,U,1
Final-proposal,roboflow_v1,classroom_or_exam_context,C,U,N,2
Final-proposal,roboflow_v1,classroom_or_exam_context,C,U,P,11
Final-proposal,roboflow_v1,classroom_or_exam_context,C,U,U,1
Final-proposal,scb_head,classroom_or_exam_context,C,U,N,4
Final-proposal,scb_head,classroom_or_exam_context,C,U,P,20
Final-proposal,scb_head,classroom_or_exam_context,C,U,U,2
Final-proposal,scb_hrw,classroom_or_exam_context,C,U,N,17
Final-proposal,scb_hrw,classroom_or_exam_context,C,U,U,1
Final-proposal,student_behaviour,classroom_or_exam_context,B,N,N,12
Final-proposal,student_behaviour,classroom_or_exam_context,B,U,U,2
