version,source_id,camera_id,room_id,registered_group,visual_family_hint,looking,count
R7,coco_2017_train,UNKNOWN,UNKNOWN,UNKNOWN,COCO2-image-200680,N,1
R7,coco_2017_train,UNKNOWN,UNKNOWN,UNKNOWN,COCO2-image-230436,P,2
R7,coco_2017_train,UNKNOWN,UNKNOWN,UNKNOWN,COCO2-image-388344,P,1
R7,coco_2017_train,UNKNOWN,UNKNOWN,UNKNOWN,COCO2-image-478845,N,1
R7,coco_2017_train,UNKNOWN,UNKNOWN,UNKNOWN,COCO2-image-494936,N,1
R7,coco_2017_train,UNKNOWN,UNKNOWN,UNKNOWN,COCO2-image-573819,N,1
R7,coco_2017_train,UNKNOWN,UNKNOWN,UNKNOWN,COCO2-image-94179,N,1
R7,coco_2017_train,UNKNOWN,UNKNOWN,UNKNOWN,COCO2-image-94179,P,1
R7,exam_cheating_keaor,UNKNOWN,UNKNOWN,UNKNOWN,RF-screen-224,P,1
R7,exam_cheating_keaor,UNKNOWN,UNKNOWN,UNKNOWN,RF-screen-277,N,1
R7,openimages_train_prefix,UNKNOWN,UNKNOWN,UNKNOWN,OI-image-00af2c7d2386b4e6,P,1
R7,openimages_train_prefix,UNKNOWN,UNKNOWN,UNKNOWN,OI-image-020af79719c39238,P,1
R7,openimages_train_prefix,UNKNOWN,UNKNOWN,UNKNOWN,OI-image-02824f0ef9c9fc1d,N,1
R7,openimages_train_prefix,UNKNOWN,UNKNOWN,UNKNOWN,OI-image-0657ac512522fee2,N,1
R7,openimages_train_prefix,UNKNOWN,UNKNOWN,UNKNOWN,OI-image-0859600a05027ce5,P,1
R7,openimages_train_prefix,UNKNOWN,UNKNOWN,UNKNOWN,OI-image-0bb990998654714a,N,1
R7,openimages_train_prefix,UNKNOWN,UNKNOWN,UNKNOWN,OI-image-0ce21d0e54cbc24f,P,1
R7,openimages_train_prefix,UNKNOWN,UNKNOWN,UNKNOWN,OI-image-1ab082a46a09980a,N,1
R7,openimages_train_prefix,UNKNOWN,UNKNOWN,UNKNOWN,OI-image-1ddc1d973a4d1f52,P,1
R7,openimages_train_prefix,UNKNOWN,UNKNOWN,UNKNOWN,OI3-image-01933ab305f3311f,P,1
R7,openimages_train_prefix,UNKNOWN,UNKNOWN,UNKNOWN,OI3-image-020093783b9a0d05,N,1
R7,openimages_train_prefix,UNKNOWN,UNKNOWN,UNKNOWN,OI3-image-03c9befccca6d69f,N,1
R7,openimages_train_prefix,UNKNOWN,UNKNOWN,UNKNOWN,OI3-image-07fe7744cfd55589,N,1
R7,openimages_train_prefix,UNKNOWN,UNKNOWN,UNKNOWN,OI3-image-08c90260cf025c0e,P,1
R7,openimages_train_prefix,UNKNOWN,UNKNOWN,UNKNOWN,OI3-image-0ea258cfc19edbe8,N,1
R7,openimages_train_prefix,UNKNOWN,UNKNOWN,UNKNOWN,OI3-image-146b06768299d7cf,N,1
R7,openimages_train_prefix,UNKNOWN,UNKNOWN,UNKNOWN,OI3-image-1495b578dd5d7479,P,1
R7,openimages_train_prefix,UNKNOWN,UNKNOWN,UNKNOWN,OI3-image-19cd55f8bd5f121d,N,1
R7,openimages_train_prefix,UNKNOWN,UNKNOWN,UNKNOWN,OI3-image-1a78d1bf6fa31659,N,1
R7,openimages_train_prefix,UNKNOWN,UNKNOWN,UNKNOWN,OI3-image-1de51302f3762022,N,1
R7,openimages_train_prefix,UNKNOWN,UNKNOWN,UNKNOWN,OI4-image-0020d920ddaeec76,N,1
R7,openimages_train_prefix,UNKNOWN,UNKNOWN,UNKNOWN,OI4-image-020bc26e3593a415,P,1
R7,openimages_train_prefix,UNKNOWN,UNKNOWN,UNKNOWN,OI4-image-0448a2b6a0d3d4b4,P,1
R7,openimages_train_prefix,UNKNOWN,UNKNOWN,UNKNOWN,OI4-image-04db7181cb6769ec,N,1
R7,openimages_train_prefix,UNKNOWN,UNKNOWN,UNKNOWN,OI4-image-084f66accbc675ae,N,1
R7,openimages_train_prefix,UNKNOWN,UNKNOWN,UNKNOWN,OI4-image-08f00b7676e32dcc,N,1
R7,openimages_train_prefix,UNKNOWN,UNKNOWN,UNKNOWN,OI4-image-093cd5ff30cc3211,N,1
R7,openimages_train_prefix,UNKNOWN,UNKNOWN,UNKNOWN,OI4-image-19dba4364675dd62,N,1
R7,openimages_train_prefix,UNKNOWN,UNKNOWN,UNKNOWN,OI4-image-1d1c43c175a43146,N,1
R7,roboflow_v1,UNKNOWN,UNKNOWN,UNKNOWN,RF-screen-161,P,1
R7,roboflow_v1,UNKNOWN,UNKNOWN,UNKNOWN,RF-screen-164,P,1
R7,roboflow_v1,UNKNOWN,UNKNOWN,UNKNOWN,RF-screen-166,P,1
R7,roboflow_v1,UNKNOWN,UNKNOWN,UNKNOWN,RF-screen-168,N,1
R7,roboflow_v1,UNKNOWN,UNKNOWN,UNKNOWN,RF-screen-168,P,1
R7,roboflow_v1,UNKNOWN,UNKNOWN,UNKNOWN,RF-screen-177,N,1
R7,roboflow_v1,UNKNOWN,UNKNOWN,UNKNOWN,RF-screen-177,P,1
R7,roboflow_v1,UNKNOWN,UNKNOWN,UNKNOWN,RF-screen-202,P,2
R7,roboflow_v1,UNKNOWN,UNKNOWN,UNKNOWN,RF-screen-218,P,1
R7,roboflow_v1,UNKNOWN,UNKNOWN,UNKNOWN,RF-screen-234,P,1
R7,roboflow_v1,UNKNOWN,UNKNOWN,UNKNOWN,RF-screen-237,P,1
R7,roboflow_v1,UNKNOWN,UNKNOWN,UNKNOWN,RF-screen-242,N,1
R7,roboflow_v1,UNKNOWN,UNKNOWN,UNKNOWN,RF-screen-242,P,1
R7,scb_head,UNKNOWN,UNKNOWN,UNKNOWN,PARENT-TRAIN-PB-G-18b53fda4c21055b08af,P,1
R7,scb_head,UNKNOWN,UNKNOWN,UNKNOWN,PARENT-TRAIN-PB-G-7adf3e797f0d4d4978d9,N,1
R7,scb_head,UNKNOWN,UNKNOWN,UNKNOWN,PARENT-TRAIN-PB-G-7adf3e797f0d4d4978d9,P,2
R7,scb_head,UNKNOWN,UNKNOWN,UNKNOWN,PARENT-TRAIN-PB-G-f0b75b5ac12d58228355,P,4
R7,scb_head,UNKNOWN,UNKNOWN,UNKNOWN,PARENT-TRAIN-V6-G-666a2ea0ed4f708dbff2,P,1
R7,scb_head,UNKNOWN,UNKNOWN,UNKNOWN,PARENT-TRAIN-V6-G-6af358955ba8ec5f1bd9,P,1
R7,scb_head,UNKNOWN,UNKNOWN,UNKNOWN,PARENT-TRAIN-V6-G-7f8137444d3c846d0587,P,1
R7,scb_head,UNKNOWN,UNKNOWN,UNKNOWN,SCB-prefix-0001004,P,1
R7,scb_head,UNKNOWN,UNKNOWN,UNKNOWN,SCB-prefix-0001064,P,1
R7,scb_head,UNKNOWN,UNKNOWN,UNKNOWN,SCB-prefix-0002027,P,1
R7,scb_head,UNKNOWN,UNKNOWN,UNKNOWN,SCB-prefix-0002034,P,1
R7,scb_head,UNKNOWN,UNKNOWN,UNKNOWN,SCB-prefix-0006012,P,1
R7,scb_head,UNKNOWN,UNKNOWN,UNKNOWN,SCB-prefix-137,P,1
R7,scb_head,UNKNOWN,UNKNOWN,UNKNOWN,SCB-prefix-143,P,1
R7,scb_head,UNKNOWN,UNKNOWN,UNKNOWN,SCB-prefix-149,N,1
R7,scb_head,UNKNOWN,UNKNOWN,UNKNOWN,SCB-prefix-15,P,1
R7,scb_head,UNKNOWN,UNKNOWN,UNKNOWN,SCB-prefix-23,N,2
R7,scb_head,UNKNOWN,UNKNOWN,UNKNOWN,SCB-prefix-23,P,1
R7,scb_head,UNKNOWN,UNKNOWN,UNKNOWN,SCB-prefix-24,P,2
R7,scb_head,UNKNOWN,UNKNOWN,UNKNOWN,SCB-prefix-54,P,1
R7,scb_hrw,UNKNOWN,UNKNOWN,UNKNOWN,PARENT-TRAIN-PB-G-18b53fda4c21055b08af,N,2
R7,scb_hrw,UNKNOWN,UNKNOWN,UNKNOWN,PARENT-TRAIN-PB-G-f0b75b5ac12d58228355,N,1
R7,scb_hrw,UNKNOWN,UNKNOWN,UNKNOWN,SCB-prefix-0009033,N,1
R7,scb_hrw,UNKNOWN,UNKNOWN,UNKNOWN,SCB-prefix-0011008,N,1
R7,scb_hrw,UNKNOWN,UNKNOWN,UNKNOWN,SCB-prefix-0016020,N,1
R7,scb_hrw,UNKNOWN,UNKNOWN,UNKNOWN,SCB-prefix-0024054,N,1
R7,scb_hrw,UNKNOWN,UNKNOWN,UNKNOWN,SCB-prefix-0088,N,1
R7,scb_hrw,UNKNOWN,UNKNOWN,UNKNOWN,SCB-prefix-133,N,1
R7,scb_hrw,UNKNOWN,UNKNOWN,UNKNOWN,SCB-prefix-1395017,N,1
R7,scb_hrw,UNKNOWN,UNKNOWN,UNKNOWN,SCB-prefix-1429005,N,1
R7,scb_hrw,UNKNOWN,UNKNOWN,UNKNOWN,SCB-prefix-19,P,1
R7,scb_hrw,UNKNOWN,UNKNOWN,UNKNOWN,SCB-prefix-3000088,N,1
R7,scb_hrw,UNKNOWN,UNKNOWN,UNKNOWN,SCB-prefix-3000173,N,1
R7,scb_hrw,UNKNOWN,UNKNOWN,UNKNOWN,SCB-prefix-3000250,N,1
R7,scb_hrw,UNKNOWN,UNKNOWN,UNKNOWN,SCB-prefix-3004049,N,1
R7,scb_hrw,UNKNOWN,UNKNOWN,UNKNOWN,SCB-prefix-3004065,N,1
R7,scb_hrw,UNKNOWN,UNKNOWN,UNKNOWN,V7-MERGED-8b409f90927e,N,1
Final-proposal,coco_2017_train,UNKNOWN,UNKNOWN,UNKNOWN,COCO2-image-200680,N,1
Final-proposal,coco_2017_train,UNKNOWN,UNKNOWN,UNKNOWN,COCO2-image-230436,P,1
Final-proposal,coco_2017_train,UNKNOWN,UNKNOWN,UNKNOWN,COCO2-image-230436,U,1
Final-proposal,coco_2017_train,UNKNOWN,UNKNOWN,UNKNOWN,COCO2-image-388344,P,1
Final-proposal,coco_2017_train,UNKNOWN,UNKNOWN,UNKNOWN,COCO2-image-478845,N,1
Final-proposal,coco_2017_train,UNKNOWN,UNKNOWN,UNKNOWN,COCO2-image-494936,N,1
Final-proposal,coco_2017_train,UNKNOWN,UNKNOWN,UNKNOWN,COCO2-image-573819,N,1
Final-proposal,coco_2017_train,UNKNOWN,UNKNOWN,UNKNOWN,COCO2-image-94179,N,1
Final-proposal,coco_2017_train,UNKNOWN,UNKNOWN,UNKNOWN,COCO2-image-94179,P,1
Final-proposal,exam_cheating_keaor,UNKNOWN,UNKNOWN,UNKNOWN,RF-screen-224,P,1
Final-proposal,exam_cheating_keaor,UNKNOWN,UNKNOWN,UNKNOWN,RF-screen-277,N,1
Final-proposal,openimages_train_prefix,UNKNOWN,UNKNOWN,UNKNOWN,OI-image-00af2c7d2386b4e6,P,1
Final-proposal,openimages_train_prefix,UNKNOWN,UNKNOWN,UNKNOWN,OI-image-020af79719c39238,P,1
Final-proposal,openimages_train_prefix,UNKNOWN,UNKNOWN,UNKNOWN,OI-image-02824f0ef9c9fc1d,N,1
Final-proposal,openimages_train_prefix,UNKNOWN,UNKNOWN,UNKNOWN,OI-image-0657ac512522fee2,N,1
Final-proposal,openimages_train_prefix,UNKNOWN,UNKNOWN,UNKNOWN,OI-image-0859600a05027ce5,P,1
Final-proposal,openimages_train_prefix,UNKNOWN,UNKNOWN,UNKNOWN,OI-image-0bb990998654714a,N,1
Final-proposal,openimages_train_prefix,UNKNOWN,UNKNOWN,UNKNOWN,OI-image-0ce21d0e54cbc24f,P,1
Final-proposal,openimages_train_prefix,UNKNOWN,UNKNOWN,UNKNOWN,OI-image-1ab082a46a09980a,N,1
Final-proposal,openimages_train_prefix,UNKNOWN,UNKNOWN,UNKNOWN,OI-image-1ddc1d973a4d1f52,P,1
Final-proposal,openimages_train_prefix,UNKNOWN,UNKNOWN,UNKNOWN,OI3-image-01933ab305f3311f,P,1
Final-proposal,openimages_train_prefix,UNKNOWN,UNKNOWN,UNKNOWN,OI3-image-020093783b9a0d05,N,1
Final-proposal,openimages_train_prefix,UNKNOWN,UNKNOWN,UNKNOWN,OI3-image-03c9befccca6d69f,N,1
Final-proposal,openimages_train_prefix,UNKNOWN,UNKNOWN,UNKNOWN,OI3-image-07fe7744cfd55589,N,1
Final-proposal,openimages_train_prefix,UNKNOWN,UNKNOWN,UNKNOWN,OI3-image-08c90260cf025c0e,P,1
Final-proposal,openimages_train_prefix,UNKNOWN,UNKNOWN,UNKNOWN,OI3-image-0ea258cfc19edbe8,N,1
Final-proposal,openimages_train_prefix,UNKNOWN,UNKNOWN,UNKNOWN,OI3-image-146b06768299d7cf,N,1
Final-proposal,openimages_train_prefix,UNKNOWN,UNKNOWN,UNKNOWN,OI3-image-1495b578dd5d7479,P,1
Final-proposal,openimages_train_prefix,UNKNOWN,UNKNOWN,UNKNOWN,OI3-image-19cd55f8bd5f121d,N,1
Final-proposal,openimages_train_prefix,UNKNOWN,UNKNOWN,UNKNOWN,OI3-image-1a78d1bf6fa31659,N,1
Final-proposal,openimages_train_prefix,UNKNOWN,UNKNOWN,UNKNOWN,OI3-image-1de51302f3762022,N,1
Final-proposal,openimages_train_prefix,UNKNOWN,UNKNOWN,UNKNOWN,OI4-image-0020d920ddaeec76,N,1
Final-proposal,openimages_train_prefix,UNKNOWN,UNKNOWN,UNKNOWN,OI4-image-020bc26e3593a415,P,1
Final-proposal,openimages_train_prefix,UNKNOWN,UNKNOWN,UNKNOWN,OI4-image-0448a2b6a0d3d4b4,P,1
Final-proposal,openimages_train_prefix,UNKNOWN,UNKNOWN,UNKNOWN,OI4-image-04db7181cb6769ec,N,1
Final-proposal,openimages_train_prefix,UNKNOWN,UNKNOWN,UNKNOWN,OI4-image-084f66accbc675ae,N,1
Final-proposal,openimages_train_prefix,UNKNOWN,UNKNOWN,UNKNOWN,OI4-image-08f00b7676e32dcc,N,1
Final-proposal,openimages_train_prefix,UNKNOWN,UNKNOWN,UNKNOWN,OI4-image-093cd5ff30cc3211,N,1
Final-proposal,openimages_train_prefix,UNKNOWN,UNKNOWN,UNKNOWN,OI4-image-19dba4364675dd62,N,1
Final-proposal,openimages_train_prefix,UNKNOWN,UNKNOWN,UNKNOWN,OI4-image-1d1c43c175a43146,N,1
Final-proposal,roboflow_v1,UNKNOWN,UNKNOWN,UNKNOWN,RF-screen-161,P,1
Final-proposal,roboflow_v1,UNKNOWN,UNKNOWN,UNKNOWN,RF-screen-164,P,1
Final-proposal,roboflow_v1,UNKNOWN,UNKNOWN,UNKNOWN,RF-screen-166,P,1
Final-proposal,roboflow_v1,UNKNOWN,UNKNOWN,UNKNOWN,RF-screen-168,N,1
Final-proposal,roboflow_v1,UNKNOWN,UNKNOWN,UNKNOWN,RF-screen-168,P,1
Final-proposal,roboflow_v1,UNKNOWN,UNKNOWN,UNKNOWN,RF-screen-177,P,1
Final-proposal,roboflow_v1,UNKNOWN,UNKNOWN,UNKNOWN,RF-screen-177,U,1
Final-proposal,roboflow_v1,UNKNOWN,UNKNOWN,UNKNOWN,RF-screen-202,P,2
Final-proposal,roboflow_v1,UNKNOWN,UNKNOWN,UNKNOWN,RF-screen-218,P,1
Final-proposal,roboflow_v1,UNKNOWN,UNKNOWN,UNKNOWN,RF-screen-234,P,1
Final-proposal,roboflow_v1,UNKNOWN,UNKNOWN,UNKNOWN,RF-screen-237,P,1
Final-proposal,roboflow_v1,UNKNOWN,UNKNOWN,UNKNOWN,RF-screen-242,N,1
Final-proposal,roboflow_v1,UNKNOWN,UNKNOWN,UNKNOWN,RF-screen-242,P,1
Final-proposal,scb_head,UNKNOWN,UNKNOWN,UNKNOWN,PARENT-TRAIN-PB-G-18b53fda4c21055b08af,P,1
Final-proposal,scb_head,UNKNOWN,UNKNOWN,UNKNOWN,PARENT-TRAIN-PB-G-7adf3e797f0d4d4978d9,N,1
Final-proposal,scb_head,UNKNOWN,UNKNOWN,UNKNOWN,PARENT-TRAIN-PB-G-7adf3e797f0d4d4978d9,P,2
Final-proposal,scb_head,UNKNOWN,UNKNOWN,UNKNOWN,PARENT-TRAIN-PB-G-f0b75b5ac12d58228355,P,4
Final-proposal,scb_head,UNKNOWN,UNKNOWN,UNKNOWN,PARENT-TRAIN-V6-G-666a2ea0ed4f708dbff2,P,1
Final-proposal,scb_head,UNKNOWN,UNKNOWN,UNKNOWN,PARENT-TRAIN-V6-G-6af358955ba8ec5f1bd9,P,1
Final-proposal,scb_head,UNKNOWN,UNKNOWN,UNKNOWN,PARENT-TRAIN-V6-G-7f8137444d3c846d0587,U,1
Final-proposal,scb_head,UNKNOWN,UNKNOWN,UNKNOWN,SCB-prefix-0001004,P,1
Final-proposal,scb_head,UNKNOWN,UNKNOWN,UNKNOWN,SCB-prefix-0001064,P,1
Final-proposal,scb_head,UNKNOWN,UNKNOWN,UNKNOWN,SCB-prefix-0002027,P,1
Final-proposal,scb_head,UNKNOWN,UNKNOWN,UNKNOWN,SCB-prefix-0002034,P,1
Final-proposal,scb_head,UNKNOWN,UNKNOWN,UNKNOWN,SCB-prefix-0006012,P,1
Final-proposal,scb_head,UNKNOWN,UNKNOWN,UNKNOWN,SCB-prefix-137,P,1
Final-proposal,scb_head,UNKNOWN,UNKNOWN,UNKNOWN,SCB-prefix-143,P,1
Final-proposal,scb_head,UNKNOWN,UNKNOWN,UNKNOWN,SCB-prefix-149,N,1
Final-proposal,scb_head,UNKNOWN,UNKNOWN,UNKNOWN,SCB-prefix-15,P,1
Final-proposal,scb_head,UNKNOWN,UNKNOWN,UNKNOWN,SCB-prefix-23,N,2
Final-proposal,scb_head,UNKNOWN,UNKNOWN,UNKNOWN,SCB-prefix-23,P,1
Final-proposal,scb_head,UNKNOWN,UNKNOWN,UNKNOWN,SCB-prefix-24,P,1
Final-proposal,scb_head,UNKNOWN,UNKNOWN,UNKNOWN,SCB-prefix-24,U,1
Final-proposal,scb_head,UNKNOWN,UNKNOWN,UNKNOWN,SCB-prefix-54,P,1
Final-proposal,scb_hrw,UNKNOWN,UNKNOWN,UNKNOWN,PARENT-TRAIN-PB-G-18b53fda4c21055b08af,N,2
Final-proposal,scb_hrw,UNKNOWN,UNKNOWN,UNKNOWN,PARENT-TRAIN-PB-G-f0b75b5ac12d58228355,N,1
Final-proposal,scb_hrw,UNKNOWN,UNKNOWN,UNKNOWN,SCB-prefix-0009033,N,1
Final-proposal,scb_hrw,UNKNOWN,UNKNOWN,UNKNOWN,SCB-prefix-0011008,N,1
Final-proposal,scb_hrw,UNKNOWN,UNKNOWN,UNKNOWN,SCB-prefix-0016020,N,1
Final-proposal,scb_hrw,UNKNOWN,UNKNOWN,UNKNOWN,SCB-prefix-0024054,N,1
Final-proposal,scb_hrw,UNKNOWN,UNKNOWN,UNKNOWN,SCB-prefix-0088,N,1
Final-proposal,scb_hrw,UNKNOWN,UNKNOWN,UNKNOWN,SCB-prefix-133,N,1
Final-proposal,scb_hrw,UNKNOWN,UNKNOWN,UNKNOWN,SCB-prefix-1395017,N,1
Final-proposal,scb_hrw,UNKNOWN,UNKNOWN,UNKNOWN,SCB-prefix-1429005,N,1
Final-proposal,scb_hrw,UNKNOWN,UNKNOWN,UNKNOWN,SCB-prefix-19,U,1
Final-proposal,scb_hrw,UNKNOWN,UNKNOWN,UNKNOWN,SCB-prefix-3000088,N,1
Final-proposal,scb_hrw,UNKNOWN,UNKNOWN,UNKNOWN,SCB-prefix-3000173,N,1
Final-proposal,scb_hrw,UNKNOWN,UNKNOWN,UNKNOWN,SCB-prefix-3000250,N,1
Final-proposal,scb_hrw,UNKNOWN,UNKNOWN,UNKNOWN,SCB-prefix-3004049,N,1
Final-proposal,scb_hrw,UNKNOWN,UNKNOWN,UNKNOWN,SCB-prefix-3004065,N,1
Final-proposal,scb_hrw,UNKNOWN,UNKNOWN,UNKNOWN,V7-MERGED-8b409f90927e,N,1
