version,sample_id,source_id,domain,phone,looking,actual_proposed_cooccurrence,phone_known,looking_known,ownership_review_status,evidence,person_unit_hint
R7,V7-D-002,classroom_attitude,classroom_or_exam_context,P,U,False,True,False,Draft: cần owner xem đúng anchor và thiết bị,UNKNOWN,anchor
R7,V7-D-004,classroom_attitude,classroom_or_exam_context,P,U,False,True,False,Draft: cần owner xem đúng anchor và thiết bị,UNKNOWN,anchor
R7,V7-D-005,classroom_attitude,classroom_or_exam_context,P,U,False,True,False,Draft: cần owner xem đúng anchor và thiết bị,UNKNOWN,anchor
R7,V7-D-006,classroom_attitude,classroom_or_exam_context,P,U,False,True,False,Draft: cần owner xem đúng anchor và thiết bị,UNKNOWN,anchor
R7,V7-D-008,classroom_attitude,classroom_or_exam_context,P,U,False,True,False,Draft: cần owner xem đúng anchor và thiết bị,UNKNOWN,anchor
R7,V7-D-009,classroom_attitude,classroom_or_exam_context,P,P,True,True,True,Draft: cần owner xem đúng anchor và thiết bị,UNKNOWN,anchor
R7,V7-D-010,classroom_attitude,classroom_or_exam_context,P,U,False,True,False,Draft: cần owner xem đúng anchor và thiết bị,UNKNOWN,anchor
R7,V7-D-011,classroom_attitude,classroom_or_exam_context,P,U,False,True,False,Draft: cần owner xem đúng anchor và thiết bị,UNKNOWN,anchor
R7,V7-D-012,classroom_attitude,classroom_or_exam_context,P,U,False,True,False,Draft: cần owner xem đúng anchor và thiết bị,UNKNOWN,anchor
R7,V7-D-013,classroom_attitude,classroom_or_exam_context,P,U,False,True,False,Draft: cần owner xem đúng anchor và thiết bị,UNKNOWN,anchor
R7,V7-D-014,classroom_attitude,classroom_or_exam_context,P,U,False,True,False,Draft: cần owner xem đúng anchor và thiết bị,UNKNOWN,anchor
R7,V7-D-015,classroom_attitude,classroom_or_exam_context,P,U,False,True,False,Draft: cần owner xem đúng anchor và thiết bị,UNKNOWN,black-shirt-boy
R7,V7-D-017,classroom_attitude,classroom_or_exam_context,U,P,False,False,True,Draft: cần owner xem đúng anchor và thiết bị,UNKNOWN,right-girl-watching-neighbour
R7,V7-D-018,classroom_attitude,classroom_or_exam_context,P,U,False,True,False,Draft: cần owner xem đúng anchor và thiết bị,UNKNOWN,middle-white-shirt-boy
R7,V7-D-020,classroom_attitude,classroom_or_exam_context,P,U,False,True,False,Draft: cần owner xem đúng anchor và thiết bị,UNKNOWN,anchor
R7,V7-D-021,classroom_attitude,classroom_or_exam_context,P,P,True,True,True,Draft: cần owner xem đúng anchor và thiết bị,UNKNOWN,foreground-black-girl
R7,V7-D-022,classroom_attitude,classroom_or_exam_context,U,P,False,False,True,Draft: cần owner xem đúng anchor và thiết bị,UNKNOWN,left-striped-boy
R7,V7-D-023,classroom_attitude,classroom_or_exam_context,P,U,False,True,False,Draft: cần owner xem đúng anchor và thiết bị,UNKNOWN,right-curly-girl
R7,V7-D-025,classroom_attitude,classroom_or_exam_context,P,U,False,True,False,Draft: cần owner xem đúng anchor và thiết bị,UNKNOWN,pink-shirt-girl
R7,V7-D-026,classroom_attitude,classroom_or_exam_context,P,U,False,True,False,Draft: cần owner xem đúng anchor và thiết bị,UNKNOWN,foreground-writer
R7,V7-D-027,classroom_attitude,classroom_or_exam_context,P,U,False,True,False,Draft: cần owner xem đúng anchor và thiết bị,UNKNOWN,left-grey-man
R7,V7-D-028,coco_2017_train,auxiliary_out_of_exam,P,U,False,True,False,Draft: cần owner xem đúng anchor và thiết bị,UNKNOWN,anchor
R7,V7-D-029,coco_2017_train,auxiliary_out_of_exam,P,U,False,True,False,Draft: cần owner xem đúng anchor và thiết bị,UNKNOWN,anchor
R7,V7-D-031,coco_2017_train,auxiliary_out_of_exam,P,U,False,True,False,Draft: cần owner xem đúng anchor và thiết bị,UNKNOWN,right-white-man
R7,V7-D-033,coco_2017_train,auxiliary_out_of_exam,P,U,False,True,False,Draft: cần owner xem đúng anchor và thiết bị,UNKNOWN,left-woman
R7,V7-D-034,coco_2017_train,auxiliary_out_of_exam,P,U,False,True,False,Draft: cần owner xem đúng anchor và thiết bị,UNKNOWN,anchor
R7,V7-D-035,coco_2017_train,auxiliary_out_of_exam,P,U,False,True,False,Draft: cần owner xem đúng anchor và thiết bị,UNKNOWN,anchor
R7,V7-D-038,coco_2017_train,auxiliary_out_of_exam,P,U,False,True,False,Draft: cần owner xem đúng anchor và thiết bị,UNKNOWN,left-phone-woman
R7,V7-D-042,openimages_train_prefix,auxiliary_out_of_exam,P,U,False,True,False,Draft: cần owner xem đúng anchor và thiết bị,UNKNOWN,left-phone-man
R7,V7-D-044,openimages_train_prefix,auxiliary_out_of_exam,P,U,False,True,False,Draft: cần owner xem đúng anchor và thiết bị,UNKNOWN,left-grey-suit-man
R7,V7-D-046,openimages_train_prefix,auxiliary_out_of_exam,P,U,False,True,False,Draft: cần owner xem đúng anchor và thiết bị,UNKNOWN,right-phone-woman
R7,V7-D-049,openimages_train_prefix,auxiliary_out_of_exam,U,N,False,False,True,Draft: cần owner xem đúng anchor và thiết bị,UNKNOWN,front-redhead-reader
R7,V7-D-050,openimages_train_prefix,auxiliary_out_of_exam,P,N,False,True,True,Draft: cần owner xem đúng anchor và thiết bị,UNKNOWN,middle-blue-man
R7,V7-D-051,openimages_train_prefix,auxiliary_out_of_exam,P,U,False,True,False,Draft: cần owner xem đúng anchor và thiết bị,UNKNOWN,right-blue-woman
R7,V7-D-053,openimages_train_prefix,auxiliary_out_of_exam,U,N,False,False,True,Draft: cần owner xem đúng anchor và thiết bị,UNKNOWN,left-red-woman
R7,V7-D-054,openimages_train_prefix,auxiliary_out_of_exam,U,N,False,False,True,Draft: cần owner xem đúng anchor và thiết bị,UNKNOWN,front-right-writer
R7,V7-D-056,openimages_train_prefix,auxiliary_out_of_exam,U,N,False,False,True,Draft: cần owner xem đúng anchor và thiết bị,UNKNOWN,right-red-tie-man
R7,V7-D-057,openimages_train_prefix,auxiliary_out_of_exam,U,N,False,False,True,Draft: cần owner xem đúng anchor và thiết bị,UNKNOWN,middle-black-man
R7,V7-D-058,openimages_train_prefix,auxiliary_out_of_exam,P,U,False,True,False,Draft: cần owner xem đúng anchor và thiết bị,UNKNOWN,left-black-phone-woman
R4-final,V7-D-002,classroom_attitude,classroom_or_exam_context,P,U,False,True,False,Draft: cần owner xem đúng anchor và thiết bị,"Nữ áo kem giữ mobile đen, nữ bên cạnh xem chung; linked holder rõ224, không có own workarea đủ để looking P, không co-occurrence.",anchor
R4-final,V7-D-004,classroom_attitude,classroom_or_exam_context,P,U,False,True,False,Draft: cần owner xem đúng anchor và thiết bị,"Người áo trắng giữa hàng cầm own mobile thấp, neighbors có devices riêng; ownership direct còn đọc được224; gaze/workarea U.",anchor
R4-final,V7-D-005,classroom_attitude,classroom_or_exam_context,P,U,False,True,False,Draft: cần owner xem đúng anchor và thiết bị,"Nam kính áo denim giữ mobile đen, nữ bên trái xem cùng; phone thuộc linked holder, looking U vì hoạt động nhóm không có own workarea rõ.",anchor
R4-final,V7-D-006,classroom_attitude,classroom_or_exam_context,U,U,False,False,False,Draft: cần owner xem đúng anchor và thiết bị,Thiết bị lớn dựng đứng có case/support giữa hai người giống tablet; chưa chứng minh mobile theo ADR018. Không xác lập own workarea để looking P. Cần owner device/anchor review.,anchor
R4-final,V7-D-008,classroom_attitude,classroom_or_exam_context,P,U,False,True,False,Draft: cần owner xem đúng anchor và thiết bị,"Nam áo cyan giữ mobile đen hai tay, nữ đỏ neighbor chạm/xem; phone holder rõ224, task nhóm chưa đủ looking P.",anchor
R4-final,V7-D-009,classroom_attitude,classroom_or_exam_context,P,P,True,True,True,Draft: cần owner xem đúng anchor và thiết bị,"Nữ áo cyan có own mobile trong tay phải và sách mở trên bàn trước người; mắt hướng mobile ngoài vùng sách, both P/P là proposal có visible phone+workarea, owner vẫn chốt gaze/task.",anchor
R4-final,V7-D-010,classroom_attitude,classroom_or_exam_context,P,U,False,True,False,Draft: cần owner xem đúng anchor và thiết bị,"Anchor proposal là người tóc xoăn áo plaid đỏ foreground, tay cầm mobile đỏ dựng đứng; mobile xanh ngang của nữ áo trắng bên cạnh là device của người khác. Source và224 giữ device đỏ nhưng thân hơi bị tay che; phone P Draft cần owner xác nhận device/anchor. Looking U vì không đủ xác định gaze với bài riêng. Unit R7 chỉ ghi anchor, nay làm rõ, không tính thêm người thành crop mới.",foreground-red-plaid-phone-user
R4-final,V7-D-011,classroom_attitude,classroom_or_exam_context,P,U,False,True,False,Draft: cần owner xem đúng anchor và thiết bị,"Nữ plaid bên trái giữ mobile trắng; người cạnh có own phone riêng, holder và device rõ224; gaze U, không both P.",anchor
R4-final,V7-D-012,classroom_attitude,classroom_or_exam_context,P,U,False,True,False,Draft: cần owner xem đúng anchor và thiết bị,"Nam plaid tiền cảnh cầm mobile selfie giữa nhóm; direct ownership rõ224, không có vùng bài riêng để looking P.",anchor
R4-final,V7-D-013,classroom_attitude,classroom_or_exam_context,P,U,False,True,False,Draft: cần owner xem đúng anchor và thiết bị,"Nam áo xám kính giữ mobile nhỏ ngang, nam nâu cạnh là neighbor; phone/hand đọc được224, activity nhóm giữ looking U.",anchor
R4-final,V7-D-014,classroom_attitude,classroom_or_exam_context,P,U,False,True,False,Draft: cần owner xem đúng anchor và thiết bị,"Nữ bên trái giữ phone đen; nữ neighbor chỉ tay vào màn hình, không thay holder;224 thấy outline/ownership, looking U.",anchor
R4-final,V7-D-015,classroom_attitude,classroom_or_exam_context,P,U,False,True,False,Draft: cần owner xem đúng anchor và thiết bị,Nam áo đen phía sau giữ own mobile gần mặt; nhiều phone foreground nhưng linked own device đọc được224; looking U.,black-shirt-boy
R4-final,V7-D-017,classroom_attitude,classroom_or_exam_context,U,P,False,False,True,Draft: cần owner xem đúng anchor và thiết bị,"Nữ kính bên phải nhìn sang phone người nữ trái, tay cầm pen sát bài riêng; phone ownership của anchor chưa rõ nên U, looking P là proposal own-workarea/neighbor evidence, không co-occurrence.",right-girl-watching-neighbour
R4-final,V7-D-018,classroom_attitude,classroom_or_exam_context,P,U,False,True,False,Draft: cần owner xem đúng anchor và thiết bị,"Nam áo trắng ở giữa chạm phone desk ngay vùng bàn của mình; nam bên phải cầm mobile khác. Linked desk phone đọc được224, looking U do có tương tác nhóm.",middle-white-shirt-boy
R4-final,V7-D-020,classroom_attitude,classroom_or_exam_context,P,U,False,True,False,Draft: cần owner xem đúng anchor và thiết bị,"Nam áo xám/trắng giữa lớp cầm mobile sáng bằng hai tay trên bài; device rõ224, looking U chờ task/gaze owner, không tự cả hai P.",anchor
R4-final,V7-D-021,classroom_attitude,classroom_or_exam_context,P,P,True,True,True,Draft: cần owner xem đúng anchor và thiết bị,"Nữ tóc tết áo denim foreground giữ own mobile và giấy trước người; mắt hướng phone ngoài giấy. P/P có visible device+own-workarea nhưng task/gaze vẫn proposal owner review, không chỉ nhìn đầu suy P.",foreground-black-girl
R4-final,V7-D-022,classroom_attitude,classroom_or_exam_context,U,P,False,False,True,Draft: cần owner xem đúng anchor và thiết bị,"Nam áo sọc bên trái vươn tay/nhìn sang phone của nam plaid bên phải, có sách mở trước người; phone U ownership, looking P proposal. Phone ngoài R7crop không được gán own phone.",left-striped-boy
R4-final,V7-D-023,classroom_attitude,classroom_or_exam_context,P,U,False,True,False,Draft: cần owner xem đúng anchor và thiết bị,"Nữ tóc xoăn phải giữ mobile đen ngang trên lap, linked hands đọc được224; giấy lap có nhưng task/gaze chưa chốt nên U, không both P.",right-curly-girl
R4-final,V7-D-025,classroom_attitude,classroom_or_exam_context,U,U,False,False,False,Draft: cần owner xem đúng anchor và thiết bị,"Nữ áo pink giữ thiết bị xanh landscape có hình dạng mobile hoặc compact camera; source/crop/224 chưa đủ device identity. Cần owner xác minh, không nhận phone P chỉ từ class nguồn.",pink-shirt-girl
R4-final,V7-D-026,classroom_attitude,classroom_or_exam_context,N,N,False,True,True,Draft: cần owner xem đúng anchor và thiết bị,"Anchor nữ áo sọc cầm bút viết trên giấy, mắt hướng vùng viết. Mobile đen thấp nằm ở tay nam teacher bên trái, không thuộc nữ anchor. Đề xuất nữ phone N/looking N; recrop tập trung nữ nhưng có thể vẫn thấy một phần phone/teacher do chồng lấn. Có giá trị crowded attribution negative, không tính phone P hoặc co-occurrence của nữ. Reason R7 gán phone nữ bị loại khỏi mô tả hiện hành.",foreground-striped-writer
R4-final,V7-D-027,classroom_attitude,classroom_or_exam_context,U,U,False,False,False,Draft: cần owner xem đúng anchor và thiết bị,"Anchor nam áo xám bên trái hàng người. Crop R7 cắt đáng kể vùng thiết bị/tay ở mép phải; mở crop giữ cả hai tay/vật mỏng. Vật còn nhỏ, bị ngón tay che và chi tiết nguồn thiếu, nên chưa đủ khẳng định mobile của anchor; không dùng như phone P trước owner/device review. Looking U vì không có own workarea rõ.",left-gray-shirt-man
R4-final,V7-D-028,coco_2017_train,auxiliary_out_of_exam,P,U,False,True,False,Draft: cần owner xem đúng anchor và thiết bị,"Nữ tóc ngắn cardigan vàng giữ phone dạng keyboard bằng hai tay; thân máy/keyboard/ownership đọc được224, seated group không own workarea rõ nên looking U.",anchor
R4-final,V7-D-029,coco_2017_train,auxiliary_out_of_exam,P,U,False,True,False,Draft: cần owner xem đúng anchor và thiết bị,"Người áo sọc đứng cầm mobile trắng nhỏ gần hip; linked hand/device đọc được224, crowd context không xác lập own workarea, looking U.",anchor
R4-final,V7-D-031,coco_2017_train,auxiliary_out_of_exam,P,U,False,True,False,Draft: cần owner xem đúng anchor và thiết bị,"Nam áo trắng bên phải giữ mobile đen ngang sát tay trên bàn ăn; phone direct ownership đọc được224, không work-task evidence để looking P.",right-white-man
R4-final,V7-D-033,coco_2017_train,auxiliary_out_of_exam,U,U,False,False,False,Draft: cần owner xem đúng anchor và thiết bị,"Source640: nữ xanh giữ thiết bị trắng landscape/thân dày giống compact camera hoặc handheld khác, chưa chắc mobile. Cần owner device review; không lấy class COCO làm target semantics.",left-woman
R4-final,V7-D-034,coco_2017_train,auxiliary_out_of_exam,P,U,False,True,False,Draft: cần owner xem đúng anchor và thiết bị,"Nữ áo đen giữ mobile flip trắng đóng có screen nhỏ trên bàn; linked hand/phone rõ224, source posed/bàn ăn không own workarea task nên looking U.",anchor
R4-final,V7-D-035,coco_2017_train,auxiliary_out_of_exam,P,U,False,True,False,Draft: cần owner xem đúng anchor và thiết bị,"Nữ khăn tối foreground giữ mobile nâu trong tay trái và vật cầm tay khác bên phải; không gán vật khác thành phone, device anchor rõ224, looking U.",anchor
R4-final,V7-D-038,coco_2017_train,auxiliary_out_of_exam,P,U,False,True,False,Draft: cần owner xem đúng anchor và thiết bị,"Nữ bên trái giữ smartphone màn hình sáng trong nhóm chụp/xem cùng; nam neighbors không ownership thay holder; rõ224, không own workarea, looking U.",left-phone-woman
R4-final,V7-D-042,openimages_train_prefix,auxiliary_out_of_exam,P,U,False,True,False,Draft: cần owner xem đúng anchor và thiết bị,"Nam áo đen bên trái giữ mobile trắng mỏng phía trên sổ; laptop foreground che phần desk, linked fingers/device còn rõ224, looking U chờ task evidence.",left-phone-man
R4-final,V7-D-044,openimages_train_prefix,auxiliary_out_of_exam,P,U,False,True,False,Draft: cần owner xem đúng anchor và thiết bị,"Nam suit xám bên trái giữ phone nhỏ giữa tay; source holder/device đọc được nhưng224 chỉ còn mép máy rất nhỏ. Giữ source P Draft, owner chọn usability224; không dùng số crop thay diversity.",left-grey-suit-man
R4-final,V7-D-046,openimages_train_prefix,auxiliary_out_of_exam,P,U,False,True,False,Draft: cần owner xem đúng anchor và thiết bị,"Nữ áo xám bên phải giữ mobile nhỏ cạnh bàn laptop, direct own hands;224 chỉ còn thin edge khó đọc identity. Giữ source P Draft với input ambiguity, looking U.",right-phone-woman
R4-final,V7-D-049,openimages_train_prefix,auxiliary_out_of_exam,U,N,False,False,True,Draft: cần owner xem đúng anchor và thiết bị,"Nữ tóc đỏ foreground nhìn laptop/workarea, tay còn lại bị che nên phone U hợp lý; nam bên cạnh là unit riêng. Looking N có linked own/shared workarea, không co-occurrence.",front-redhead-reader
R4-final,V7-D-050,openimages_train_prefix,auxiliary_out_of_exam,P,N,False,True,True,Draft: cần owner xem đúng anchor và thiết bị,"Nam áo xanh ở giữa có smartphone trên lap của mình và tay/pen chỉ bài trước người; phone direct own-lap rõ224, looking N proposal làm việc theo bài. Đây là P/N fully-known, không both P.",middle-blue-man
R4-final,V7-D-051,openimages_train_prefix,auxiliary_out_of_exam,P,U,False,True,False,Draft: cần owner xem đúng anchor và thiết bị,"Nữ áo xanh bên phải giữ mobile case pink trong tay sát lap; device/hand đọc được224, mobile nữ trái khác không gán anchor; looking U.",right-blue-woman
R4-final,V7-D-053,openimages_train_prefix,auxiliary_out_of_exam,U,N,False,False,True,Draft: cần owner xem đúng anchor và thiết bị,"Nữ áo đỏ trái nhìn laptop shared task; tay còn lại sau laptop nên phone U, looking N proposal workarea rõ; bàn/phone absence chưa đủ N.",left-red-woman
R4-final,V7-D-054,openimages_train_prefix,auxiliary_out_of_exam,U,N,False,False,True,Draft: cần owner xem đúng anchor và thiết bị,"Nữ writer foreground phải viết giấy trong nhóm, own pen/paper rõ224; crowd/partition che phone vùng khác nên U giữ, looking N không suy từ head tilt đơn lẻ.",front-right-writer
R4-final,V7-D-056,openimages_train_prefix,auxiliary_out_of_exam,U,N,False,False,True,Draft: cần owner xem đúng anchor và thiết bị,"Nam áo xanh cà vạt đỏ dùng keyboard; desktop monitor che vùng phone nên U, workarea/keyboard rõ cho looking N; không gán phone do rectangular desk clutter.",right-red-tie-man
R4-final,V7-D-057,openimages_train_prefix,auxiliary_out_of_exam,U,N,False,False,True,Draft: cần owner xem đúng anchor và thiết bị,"Nam áo tối ở giữa nhìn own desktop/workarea, tay/bàn bị monitor che nên phone U. Phone đen trên bàn foreground thuộc người khác, không gán cho middle anchor; looking N proposal.",middle-black-man
R4-final,V7-D-058,openimages_train_prefix,auxiliary_out_of_exam,P,U,False,True,False,Draft: cần owner xem đúng anchor và thiết bị,"Nữ áo đen bên trái giữ mobile đỏ sát lap và thao tác bằng hai tay; linked device còn đọc được224, nữ blue neighbor own phone riêng, looking U.",left-black-phone-woman
