version,source_id,domain,target,state,registered_group,count
R7,classroom_attitude,classroom_or_exam_context,looking_around,N,UNKNOWN,5
R7,classroom_attitude,classroom_or_exam_context,looking_around,P,UNKNOWN,4
R7,classroom_attitude,classroom_or_exam_context,looking_around,U,UNKNOWN,51
R7,classroom_attitude,classroom_or_exam_context,phone_use,N,UNKNOWN,3
R7,classroom_attitude,classroom_or_exam_context,phone_use,P,UNKNOWN,55
R7,classroom_attitude,classroom_or_exam_context,phone_use,U,UNKNOWN,2
R7,coco_2017_train,auxiliary_out_of_exam,looking_around,N,UNKNOWN,11
R7,coco_2017_train,auxiliary_out_of_exam,looking_around,P,UNKNOWN,10
R7,coco_2017_train,auxiliary_out_of_exam,looking_around,U,UNKNOWN,18
R7,coco_2017_train,auxiliary_out_of_exam,phone_use,N,UNKNOWN,9
R7,coco_2017_train,auxiliary_out_of_exam,phone_use,P,UNKNOWN,21
R7,coco_2017_train,auxiliary_out_of_exam,phone_use,U,UNKNOWN,9
R7,exam_cheating_keaor,classroom_or_exam_context,looking_around,N,UNKNOWN,1
R7,exam_cheating_keaor,classroom_or_exam_context,looking_around,P,UNKNOWN,1
R7,exam_cheating_keaor,classroom_or_exam_context,phone_use,U,UNKNOWN,2
R7,openimages_train_prefix,auxiliary_out_of_exam,looking_around,N,UNKNOWN,45
R7,openimages_train_prefix,auxiliary_out_of_exam,looking_around,P,UNKNOWN,19
R7,openimages_train_prefix,auxiliary_out_of_exam,looking_around,U,UNKNOWN,28
R7,openimages_train_prefix,auxiliary_out_of_exam,phone_use,N,UNKNOWN,32
R7,openimages_train_prefix,auxiliary_out_of_exam,phone_use,P,UNKNOWN,28
R7,openimages_train_prefix,auxiliary_out_of_exam,phone_use,U,UNKNOWN,32
R7,roboflow_v1,classroom_or_exam_context,looking_around,N,UNKNOWN,10
R7,roboflow_v1,classroom_or_exam_context,looking_around,P,UNKNOWN,12
R7,roboflow_v1,classroom_or_exam_context,looking_around,U,UNKNOWN,1
R7,roboflow_v1,classroom_or_exam_context,phone_use,N,UNKNOWN,9
R7,roboflow_v1,classroom_or_exam_context,phone_use,U,UNKNOWN,14
R7,scb_head,classroom_or_exam_context,looking_around,N,UNKNOWN,4
R7,scb_head,classroom_or_exam_context,looking_around,P,UNKNOWN,22
R7,scb_head,classroom_or_exam_context,phone_use,U,UNKNOWN,26
R7,scb_hrw,classroom_or_exam_context,looking_around,N,UNKNOWN,17
R7,scb_hrw,classroom_or_exam_context,looking_around,P,UNKNOWN,1
R7,scb_hrw,classroom_or_exam_context,phone_use,U,UNKNOWN,18
R7,student_behaviour,classroom_or_exam_context,looking_around,N,UNKNOWN,13
R7,student_behaviour,classroom_or_exam_context,looking_around,P,UNKNOWN,1
R7,student_behaviour,classroom_or_exam_context,phone_use,N,UNKNOWN,14
R4-final,classroom_attitude,classroom_or_exam_context,looking_around,N,UNKNOWN,6
R4-final,classroom_attitude,classroom_or_exam_context,looking_around,P,UNKNOWN,4
R4-final,classroom_attitude,classroom_or_exam_context,looking_around,U,UNKNOWN,50
R4-final,classroom_attitude,classroom_or_exam_context,phone_use,N,UNKNOWN,4
R4-final,classroom_attitude,classroom_or_exam_context,phone_use,P,UNKNOWN,49
R4-final,classroom_attitude,classroom_or_exam_context,phone_use,U,UNKNOWN,7
R4-final,coco_2017_train,auxiliary_out_of_exam,looking_around,N,UNKNOWN,11
R4-final,coco_2017_train,auxiliary_out_of_exam,looking_around,P,UNKNOWN,9
R4-final,coco_2017_train,auxiliary_out_of_exam,looking_around,U,UNKNOWN,19
R4-final,coco_2017_train,auxiliary_out_of_exam,phone_use,N,UNKNOWN,8
R4-final,coco_2017_train,auxiliary_out_of_exam,phone_use,P,UNKNOWN,20
R4-final,coco_2017_train,auxiliary_out_of_exam,phone_use,U,UNKNOWN,11
R4-final,exam_cheating_keaor,classroom_or_exam_context,looking_around,N,UNKNOWN,1
R4-final,exam_cheating_keaor,classroom_or_exam_context,looking_around,P,UNKNOWN,1
R4-final,exam_cheating_keaor,classroom_or_exam_context,phone_use,U,UNKNOWN,2
R4-final,openimages_train_prefix,auxiliary_out_of_exam,looking_around,N,UNKNOWN,45
R4-final,openimages_train_prefix,auxiliary_out_of_exam,looking_around,P,UNKNOWN,19
R4-final,openimages_train_prefix,auxiliary_out_of_exam,looking_around,U,UNKNOWN,28
R4-final,openimages_train_prefix,auxiliary_out_of_exam,phone_use,N,UNKNOWN,30
R4-final,openimages_train_prefix,auxiliary_out_of_exam,phone_use,P,UNKNOWN,26
R4-final,openimages_train_prefix,auxiliary_out_of_exam,phone_use,U,UNKNOWN,36
R4-final,roboflow_v1,classroom_or_exam_context,looking_around,N,UNKNOWN,9
R4-final,roboflow_v1,classroom_or_exam_context,looking_around,P,UNKNOWN,12
R4-final,roboflow_v1,classroom_or_exam_context,looking_around,U,UNKNOWN,2
R4-final,roboflow_v1,classroom_or_exam_context,phone_use,N,UNKNOWN,8
R4-final,roboflow_v1,classroom_or_exam_context,phone_use,U,UNKNOWN,15
R4-final,scb_head,classroom_or_exam_context,looking_around,N,UNKNOWN,4
R4-final,scb_head,classroom_or_exam_context,looking_around,P,UNKNOWN,20
R4-final,scb_head,classroom_or_exam_context,looking_around,U,UNKNOWN,2
R4-final,scb_head,classroom_or_exam_context,phone_use,U,UNKNOWN,26
R4-final,scb_hrw,classroom_or_exam_context,looking_around,N,UNKNOWN,17
R4-final,scb_hrw,classroom_or_exam_context,looking_around,U,UNKNOWN,1
R4-final,scb_hrw,classroom_or_exam_context,phone_use,U,UNKNOWN,18
R4-final,student_behaviour,classroom_or_exam_context,looking_around,N,UNKNOWN,12
R4-final,student_behaviour,classroom_or_exam_context,looking_around,U,UNKNOWN,2
R4-final,student_behaviour,classroom_or_exam_context,phone_use,N,UNKNOWN,12
R4-final,student_behaviour,classroom_or_exam_context,phone_use,U,UNKNOWN,2
