version,source_id,domain,bucket,target,state,registered_group,visual_family_hint,count
R7,classroom_attitude,classroom_or_exam_context,A,looking_around,N,UNKNOWN,RF-screen-134,1
R7,classroom_attitude,classroom_or_exam_context,A,looking_around,N,UNKNOWN,RF-screen-149,1
R7,classroom_attitude,classroom_or_exam_context,A,looking_around,N,UNKNOWN,RF-screen-160,1
R7,classroom_attitude,classroom_or_exam_context,A,looking_around,U,UNKNOWN,RF-screen-115,1
R7,classroom_attitude,classroom_or_exam_context,A,looking_around,U,UNKNOWN,RF-screen-142,1
R7,classroom_attitude,classroom_or_exam_context,A,looking_around,U,UNKNOWN,RF-screen-86,1
R7,classroom_attitude,classroom_or_exam_context,A,looking_around,U,UNKNOWN,RF-white-simulation-desk,1
R7,classroom_attitude,classroom_or_exam_context,A,phone_use,N,UNKNOWN,RF-screen-160,1
R7,classroom_attitude,classroom_or_exam_context,A,phone_use,P,UNKNOWN,RF-screen-115,1
R7,classroom_attitude,classroom_or_exam_context,A,phone_use,P,UNKNOWN,RF-screen-134,1
R7,classroom_attitude,classroom_or_exam_context,A,phone_use,P,UNKNOWN,RF-screen-142,1
R7,classroom_attitude,classroom_or_exam_context,A,phone_use,P,UNKNOWN,RF-screen-149,1
R7,classroom_attitude,classroom_or_exam_context,A,phone_use,P,UNKNOWN,RF-screen-86,1
R7,classroom_attitude,classroom_or_exam_context,A,phone_use,P,UNKNOWN,RF-white-simulation-desk,1
R7,classroom_attitude,classroom_or_exam_context,B,looking_around,N,UNKNOWN,V7-MERGED-1d3d84778cb2,2
R7,classroom_attitude,classroom_or_exam_context,B,looking_around,U,UNKNOWN,RF-screen-100,1
R7,classroom_attitude,classroom_or_exam_context,B,looking_around,U,UNKNOWN,RF-screen-107,1
R7,classroom_attitude,classroom_or_exam_context,B,looking_around,U,UNKNOWN,RF-screen-11,1
R7,classroom_attitude,classroom_or_exam_context,B,looking_around,U,UNKNOWN,RF-screen-12,1
R7,classroom_attitude,classroom_or_exam_context,B,looking_around,U,UNKNOWN,RF-screen-122,1
R7,classroom_attitude,classroom_or_exam_context,B,looking_around,U,UNKNOWN,RF-screen-129,1
R7,classroom_attitude,classroom_or_exam_context,B,looking_around,U,UNKNOWN,RF-screen-13,1
R7,classroom_attitude,classroom_or_exam_context,B,looking_around,U,UNKNOWN,RF-screen-134,1
R7,classroom_attitude,classroom_or_exam_context,B,looking_around,U,UNKNOWN,RF-screen-135,1
R7,classroom_attitude,classroom_or_exam_context,B,looking_around,U,UNKNOWN,RF-screen-140,1
R7,classroom_attitude,classroom_or_exam_context,B,looking_around,U,UNKNOWN,RF-screen-142,1
R7,classroom_attitude,classroom_or_exam_context,B,looking_around,U,UNKNOWN,RF-screen-146,1
R7,classroom_attitude,classroom_or_exam_context,B,looking_around,U,UNKNOWN,RF-screen-147,1
R7,classroom_attitude,classroom_or_exam_context,B,looking_around,U,UNKNOWN,RF-screen-15,1
R7,classroom_attitude,classroom_or_exam_context,B,looking_around,U,UNKNOWN,RF-screen-151,1
R7,classroom_attitude,classroom_or_exam_context,B,looking_around,U,UNKNOWN,RF-screen-19,1
R7,classroom_attitude,classroom_or_exam_context,B,looking_around,U,UNKNOWN,RF-screen-21,1
R7,classroom_attitude,classroom_or_exam_context,B,looking_around,U,UNKNOWN,RF-screen-31,1
R7,classroom_attitude,classroom_or_exam_context,B,looking_around,U,UNKNOWN,RF-screen-33,1
R7,classroom_attitude,classroom_or_exam_context,B,looking_around,U,UNKNOWN,RF-screen-4,1
R7,classroom_attitude,classroom_or_exam_context,B,looking_around,U,UNKNOWN,RF-screen-41,1
R7,classroom_attitude,classroom_or_exam_context,B,looking_around,U,UNKNOWN,RF-screen-43,1
R7,classroom_attitude,classroom_or_exam_context,B,looking_around,U,UNKNOWN,RF-screen-48,1
R7,classroom_attitude,classroom_or_exam_context,B,looking_around,U,UNKNOWN,RF-screen-49,1
R7,classroom_attitude,classroom_or_exam_context,B,looking_around,U,UNKNOWN,RF-screen-52,1
R7,classroom_attitude,classroom_or_exam_context,B,looking_around,U,UNKNOWN,RF-screen-54,1
R7,classroom_attitude,classroom_or_exam_context,B,looking_around,U,UNKNOWN,RF-screen-64,1
R7,classroom_attitude,classroom_or_exam_context,B,looking_around,U,UNKNOWN,RF-screen-70,1
R7,classroom_attitude,classroom_or_exam_context,B,looking_around,U,UNKNOWN,RF-screen-97,1
R7,classroom_attitude,classroom_or_exam_context,B,looking_around,U,UNKNOWN,V7-MERGED-1d3d84778cb2,1
R7,classroom_attitude,classroom_or_exam_context,B,phone_use,N,UNKNOWN,V7-MERGED-1d3d84778cb2,2
R7,classroom_attitude,classroom_or_exam_context,B,phone_use,P,UNKNOWN,RF-screen-100,1
R7,classroom_attitude,classroom_or_exam_context,B,phone_use,P,UNKNOWN,RF-screen-107,1
R7,classroom_attitude,classroom_or_exam_context,B,phone_use,P,UNKNOWN,RF-screen-11,1
R7,classroom_attitude,classroom_or_exam_context,B,phone_use,P,UNKNOWN,RF-screen-12,1
R7,classroom_attitude,classroom_or_exam_context,B,phone_use,P,UNKNOWN,RF-screen-122,1
R7,classroom_attitude,classroom_or_exam_context,B,phone_use,P,UNKNOWN,RF-screen-129,1
R7,classroom_attitude,classroom_or_exam_context,B,phone_use,P,UNKNOWN,RF-screen-13,1
R7,classroom_attitude,classroom_or_exam_context,B,phone_use,P,UNKNOWN,RF-screen-134,1
R7,classroom_attitude,classroom_or_exam_context,B,phone_use,P,UNKNOWN,RF-screen-135,1
R7,classroom_attitude,classroom_or_exam_context,B,phone_use,P,UNKNOWN,RF-screen-140,1
R7,classroom_attitude,classroom_or_exam_context,B,phone_use,P,UNKNOWN,RF-screen-142,1
R7,classroom_attitude,classroom_or_exam_context,B,phone_use,P,UNKNOWN,RF-screen-146,1
R7,classroom_attitude,classroom_or_exam_context,B,phone_use,P,UNKNOWN,RF-screen-147,1
R7,classroom_attitude,classroom_or_exam_context,B,phone_use,P,UNKNOWN,RF-screen-15,1
R7,classroom_attitude,classroom_or_exam_context,B,phone_use,P,UNKNOWN,RF-screen-151,1
R7,classroom_attitude,classroom_or_exam_context,B,phone_use,P,UNKNOWN,RF-screen-19,1
R7,classroom_attitude,classroom_or_exam_context,B,phone_use,P,UNKNOWN,RF-screen-21,1
R7,classroom_attitude,classroom_or_exam_context,B,phone_use,P,UNKNOWN,RF-screen-31,1
R7,classroom_attitude,classroom_or_exam_context,B,phone_use,P,UNKNOWN,RF-screen-33,1
R7,classroom_attitude,classroom_or_exam_context,B,phone_use,P,UNKNOWN,RF-screen-4,1
R7,classroom_attitude,classroom_or_exam_context,B,phone_use,P,UNKNOWN,RF-screen-41,1
R7,classroom_attitude,classroom_or_exam_context,B,phone_use,P,UNKNOWN,RF-screen-43,1
R7,classroom_attitude,classroom_or_exam_context,B,phone_use,P,UNKNOWN,RF-screen-48,1
R7,classroom_attitude,classroom_or_exam_context,B,phone_use,P,UNKNOWN,RF-screen-49,1
R7,classroom_attitude,classroom_or_exam_context,B,phone_use,P,UNKNOWN,RF-screen-52,1
R7,classroom_attitude,classroom_or_exam_context,B,phone_use,P,UNKNOWN,RF-screen-54,1
R7,classroom_attitude,classroom_or_exam_context,B,phone_use,P,UNKNOWN,RF-screen-64,1
R7,classroom_attitude,classroom_or_exam_context,B,phone_use,P,UNKNOWN,RF-screen-70,1
R7,classroom_attitude,classroom_or_exam_context,B,phone_use,P,UNKNOWN,RF-screen-97,1
R7,classroom_attitude,classroom_or_exam_context,B,phone_use,P,UNKNOWN,V7-MERGED-1d3d84778cb2,1
R7,classroom_attitude,classroom_or_exam_context,D,looking_around,P,UNKNOWN,RF-screen-109,1
R7,classroom_attitude,classroom_or_exam_context,D,looking_around,P,UNKNOWN,RF-screen-11,1
R7,classroom_attitude,classroom_or_exam_context,D,looking_around,P,UNKNOWN,RF-screen-135,1
R7,classroom_attitude,classroom_or_exam_context,D,looking_around,P,UNKNOWN,RF-screen-4,1
R7,classroom_attitude,classroom_or_exam_context,D,looking_around,U,UNKNOWN,RF-screen-104,1
R7,classroom_attitude,classroom_or_exam_context,D,looking_around,U,UNKNOWN,RF-screen-108,1
R7,classroom_attitude,classroom_or_exam_context,D,looking_around,U,UNKNOWN,RF-screen-116,1
R7,classroom_attitude,classroom_or_exam_context,D,looking_around,U,UNKNOWN,RF-screen-120,1
R7,classroom_attitude,classroom_or_exam_context,D,looking_around,U,UNKNOWN,RF-screen-121,1
R7,classroom_attitude,classroom_or_exam_context,D,looking_around,U,UNKNOWN,RF-screen-122,1
R7,classroom_attitude,classroom_or_exam_context,D,looking_around,U,UNKNOWN,RF-screen-123,1
R7,classroom_attitude,classroom_or_exam_context,D,looking_around,U,UNKNOWN,RF-screen-126,1
R7,classroom_attitude,classroom_or_exam_context,D,looking_around,U,UNKNOWN,RF-screen-129,1
R7,classroom_attitude,classroom_or_exam_context,D,looking_around,U,UNKNOWN,RF-screen-142,1
R7,classroom_attitude,classroom_or_exam_context,D,looking_around,U,UNKNOWN,RF-screen-155,1
R7,classroom_attitude,classroom_or_exam_context,D,looking_around,U,UNKNOWN,RF-screen-21,1
R7,classroom_attitude,classroom_or_exam_context,D,looking_around,U,UNKNOWN,RF-screen-3,1
R7,classroom_attitude,classroom_or_exam_context,D,looking_around,U,UNKNOWN,RF-screen-36,1
R7,classroom_attitude,classroom_or_exam_context,D,looking_around,U,UNKNOWN,RF-screen-48,1
R7,classroom_attitude,classroom_or_exam_context,D,looking_around,U,UNKNOWN,RF-screen-77,1
R7,classroom_attitude,classroom_or_exam_context,D,looking_around,U,UNKNOWN,RF-screen-81,1
R7,classroom_attitude,classroom_or_exam_context,D,phone_use,P,UNKNOWN,RF-screen-104,1
R7,classroom_attitude,classroom_or_exam_context,D,phone_use,P,UNKNOWN,RF-screen-108,1
R7,classroom_attitude,classroom_or_exam_context,D,phone_use,P,UNKNOWN,RF-screen-109,1
R7,classroom_attitude,classroom_or_exam_context,D,phone_use,P,UNKNOWN,RF-screen-116,1
R7,classroom_attitude,classroom_or_exam_context,D,phone_use,P,UNKNOWN,RF-screen-120,1
R7,classroom_attitude,classroom_or_exam_context,D,phone_use,P,UNKNOWN,RF-screen-121,1
R7,classroom_attitude,classroom_or_exam_context,D,phone_use,P,UNKNOWN,RF-screen-122,1
R7,classroom_attitude,classroom_or_exam_context,D,phone_use,P,UNKNOWN,RF-screen-123,1
R7,classroom_attitude,classroom_or_exam_context,D,phone_use,P,UNKNOWN,RF-screen-126,1
R7,classroom_attitude,classroom_or_exam_context,D,phone_use,P,UNKNOWN,RF-screen-129,1
R7,classroom_attitude,classroom_or_exam_context,D,phone_use,P,UNKNOWN,RF-screen-142,1
R7,classroom_attitude,classroom_or_exam_context,D,phone_use,P,UNKNOWN,RF-screen-155,1
R7,classroom_attitude,classroom_or_exam_context,D,phone_use,P,UNKNOWN,RF-screen-21,1
R7,classroom_attitude,classroom_or_exam_context,D,phone_use,P,UNKNOWN,RF-screen-3,1
R7,classroom_attitude,classroom_or_exam_context,D,phone_use,P,UNKNOWN,RF-screen-36,1
R7,classroom_attitude,classroom_or_exam_context,D,phone_use,P,UNKNOWN,RF-screen-4,1
R7,classroom_attitude,classroom_or_exam_context,D,phone_use,P,UNKNOWN,RF-screen-48,1
R7,classroom_attitude,classroom_or_exam_context,D,phone_use,P,UNKNOWN,RF-screen-77,1
R7,classroom_attitude,classroom_or_exam_context,D,phone_use,P,UNKNOWN,RF-screen-81,1
R7,classroom_attitude,classroom_or_exam_context,D,phone_use,U,UNKNOWN,RF-screen-11,1
R7,classroom_attitude,classroom_or_exam_context,D,phone_use,U,UNKNOWN,RF-screen-135,1
R7,coco_2017_train,auxiliary_out_of_exam,A,looking_around,N,UNKNOWN,COCO-image-147172,1
R7,coco_2017_train,auxiliary_out_of_exam,A,looking_around,N,UNKNOWN,COCO-image-252998,1
R7,coco_2017_train,auxiliary_out_of_exam,A,looking_around,N,UNKNOWN,COCO2-image-208995,1
R7,coco_2017_train,auxiliary_out_of_exam,A,looking_around,N,UNKNOWN,COCO2-image-257421,1
R7,coco_2017_train,auxiliary_out_of_exam,A,looking_around,N,UNKNOWN,COCO2-image-322536,1
R7,coco_2017_train,auxiliary_out_of_exam,A,looking_around,N,UNKNOWN,COCO2-image-448958,1
R7,coco_2017_train,auxiliary_out_of_exam,A,looking_around,P,UNKNOWN,COCO-image-160708,1
R7,coco_2017_train,auxiliary_out_of_exam,A,looking_around,P,UNKNOWN,COCO-image-334813,1
R7,coco_2017_train,auxiliary_out_of_exam,A,looking_around,P,UNKNOWN,COCO-image-410980,1
R7,coco_2017_train,auxiliary_out_of_exam,A,looking_around,P,UNKNOWN,COCO-image-507438,1
R7,coco_2017_train,auxiliary_out_of_exam,A,looking_around,P,UNKNOWN,COCO-image-563793,1
R7,coco_2017_train,auxiliary_out_of_exam,A,looking_around,U,UNKNOWN,COCO-image-103427,1
R7,coco_2017_train,auxiliary_out_of_exam,A,looking_around,U,UNKNOWN,COCO-image-116405,1
R7,coco_2017_train,auxiliary_out_of_exam,A,looking_around,U,UNKNOWN,COCO-image-121613,1
R7,coco_2017_train,auxiliary_out_of_exam,A,looking_around,U,UNKNOWN,COCO-image-142481,1
R7,coco_2017_train,auxiliary_out_of_exam,A,looking_around,U,UNKNOWN,COCO-image-15644,1
R7,coco_2017_train,auxiliary_out_of_exam,A,looking_around,U,UNKNOWN,COCO-image-187001,1
R7,coco_2017_train,auxiliary_out_of_exam,A,looking_around,U,UNKNOWN,COCO-image-451324,1
R7,coco_2017_train,auxiliary_out_of_exam,A,looking_around,U,UNKNOWN,COCO-image-542027,1
R7,coco_2017_train,auxiliary_out_of_exam,A,looking_around,U,UNKNOWN,COCO3-image-246434,1
R7,coco_2017_train,auxiliary_out_of_exam,A,phone_use,N,UNKNOWN,COCO-image-147172,1
R7,coco_2017_train,auxiliary_out_of_exam,A,phone_use,N,UNKNOWN,COCO-image-252998,1
R7,coco_2017_train,auxiliary_out_of_exam,A,phone_use,N,UNKNOWN,COCO-image-507438,1
R7,coco_2017_train,auxiliary_out_of_exam,A,phone_use,N,UNKNOWN,COCO-image-563793,1
R7,coco_2017_train,auxiliary_out_of_exam,A,phone_use,N,UNKNOWN,COCO2-image-208995,1
R7,coco_2017_train,auxiliary_out_of_exam,A,phone_use,N,UNKNOWN,COCO2-image-257421,1
R7,coco_2017_train,auxiliary_out_of_exam,A,phone_use,N,UNKNOWN,COCO2-image-322536,1
R7,coco_2017_train,auxiliary_out_of_exam,A,phone_use,N,UNKNOWN,COCO2-image-448958,1
R7,coco_2017_train,auxiliary_out_of_exam,A,phone_use,P,UNKNOWN,COCO-image-103427,1
R7,coco_2017_train,auxiliary_out_of_exam,A,phone_use,P,UNKNOWN,COCO-image-116405,1
R7,coco_2017_train,auxiliary_out_of_exam,A,phone_use,P,UNKNOWN,COCO-image-121613,1
R7,coco_2017_train,auxiliary_out_of_exam,A,phone_use,P,UNKNOWN,COCO-image-142481,1
R7,coco_2017_train,auxiliary_out_of_exam,A,phone_use,P,UNKNOWN,COCO-image-15644,1
R7,coco_2017_train,auxiliary_out_of_exam,A,phone_use,P,UNKNOWN,COCO-image-160708,1
R7,coco_2017_train,auxiliary_out_of_exam,A,phone_use,P,UNKNOWN,COCO-image-187001,1
R7,coco_2017_train,auxiliary_out_of_exam,A,phone_use,P,UNKNOWN,COCO-image-334813,1
R7,coco_2017_train,auxiliary_out_of_exam,A,phone_use,P,UNKNOWN,COCO-image-410980,1
R7,coco_2017_train,auxiliary_out_of_exam,A,phone_use,P,UNKNOWN,COCO-image-451324,1
R7,coco_2017_train,auxiliary_out_of_exam,A,phone_use,P,UNKNOWN,COCO-image-542027,1
R7,coco_2017_train,auxiliary_out_of_exam,A,phone_use,P,UNKNOWN,COCO3-image-246434,1
R7,coco_2017_train,auxiliary_out_of_exam,B,looking_around,P,UNKNOWN,COCO3-image-544471,1
R7,coco_2017_train,auxiliary_out_of_exam,B,looking_around,U,UNKNOWN,COCO-image-56455,1
R7,coco_2017_train,auxiliary_out_of_exam,B,looking_around,U,UNKNOWN,COCO-image-97849,1
R7,coco_2017_train,auxiliary_out_of_exam,B,phone_use,N,UNKNOWN,COCO3-image-544471,1
R7,coco_2017_train,auxiliary_out_of_exam,B,phone_use,P,UNKNOWN,COCO-image-56455,1
R7,coco_2017_train,auxiliary_out_of_exam,B,phone_use,P,UNKNOWN,COCO-image-97849,1
R7,coco_2017_train,auxiliary_out_of_exam,C,looking_around,N,UNKNOWN,COCO2-image-200680,1
R7,coco_2017_train,auxiliary_out_of_exam,C,looking_around,N,UNKNOWN,COCO2-image-478845,1
R7,coco_2017_train,auxiliary_out_of_exam,C,looking_around,N,UNKNOWN,COCO2-image-494936,1
R7,coco_2017_train,auxiliary_out_of_exam,C,looking_around,N,UNKNOWN,COCO2-image-573819,1
R7,coco_2017_train,auxiliary_out_of_exam,C,looking_around,N,UNKNOWN,COCO2-image-94179,1
R7,coco_2017_train,auxiliary_out_of_exam,C,looking_around,P,UNKNOWN,COCO2-image-230436,2
R7,coco_2017_train,auxiliary_out_of_exam,C,looking_around,P,UNKNOWN,COCO2-image-388344,1
R7,coco_2017_train,auxiliary_out_of_exam,C,looking_around,P,UNKNOWN,COCO2-image-94179,1
R7,coco_2017_train,auxiliary_out_of_exam,C,phone_use,U,UNKNOWN,COCO2-image-200680,1
R7,coco_2017_train,auxiliary_out_of_exam,C,phone_use,U,UNKNOWN,COCO2-image-230436,2
R7,coco_2017_train,auxiliary_out_of_exam,C,phone_use,U,UNKNOWN,COCO2-image-388344,1
R7,coco_2017_train,auxiliary_out_of_exam,C,phone_use,U,UNKNOWN,COCO2-image-478845,1
R7,coco_2017_train,auxiliary_out_of_exam,C,phone_use,U,UNKNOWN,COCO2-image-494936,1
R7,coco_2017_train,auxiliary_out_of_exam,C,phone_use,U,UNKNOWN,COCO2-image-573819,1
R7,coco_2017_train,auxiliary_out_of_exam,C,phone_use,U,UNKNOWN,COCO2-image-94179,2
R7,coco_2017_train,auxiliary_out_of_exam,D,looking_around,U,UNKNOWN,COCO3-image-188040,1
R7,coco_2017_train,auxiliary_out_of_exam,D,looking_around,U,UNKNOWN,COCO3-image-20781,1
R7,coco_2017_train,auxiliary_out_of_exam,D,looking_around,U,UNKNOWN,COCO3-image-211420,1
R7,coco_2017_train,auxiliary_out_of_exam,D,looking_around,U,UNKNOWN,COCO3-image-218715,1
R7,coco_2017_train,auxiliary_out_of_exam,D,looking_around,U,UNKNOWN,COCO3-image-267815,1
R7,coco_2017_train,auxiliary_out_of_exam,D,looking_around,U,UNKNOWN,COCO3-image-360811,1
R7,coco_2017_train,auxiliary_out_of_exam,D,looking_around,U,UNKNOWN,COCO3-image-407806,1
R7,coco_2017_train,auxiliary_out_of_exam,D,phone_use,P,UNKNOWN,COCO3-image-188040,1
R7,coco_2017_train,auxiliary_out_of_exam,D,phone_use,P,UNKNOWN,COCO3-image-20781,1
R7,coco_2017_train,auxiliary_out_of_exam,D,phone_use,P,UNKNOWN,COCO3-image-211420,1
R7,coco_2017_train,auxiliary_out_of_exam,D,phone_use,P,UNKNOWN,COCO3-image-218715,1
R7,coco_2017_train,auxiliary_out_of_exam,D,phone_use,P,UNKNOWN,COCO3-image-267815,1
R7,coco_2017_train,auxiliary_out_of_exam,D,phone_use,P,UNKNOWN,COCO3-image-360811,1
R7,coco_2017_train,auxiliary_out_of_exam,D,phone_use,P,UNKNOWN,COCO3-image-407806,1
R7,exam_cheating_keaor,classroom_or_exam_context,C,looking_around,N,UNKNOWN,RF-screen-277,1
R7,exam_cheating_keaor,classroom_or_exam_context,C,looking_around,P,UNKNOWN,RF-screen-224,1
R7,exam_cheating_keaor,classroom_or_exam_context,C,phone_use,U,UNKNOWN,RF-screen-224,1
R7,exam_cheating_keaor,classroom_or_exam_context,C,phone_use,U,UNKNOWN,RF-screen-277,1
R7,openimages_train_prefix,auxiliary_out_of_exam,A,looking_around,N,UNKNOWN,OI-image-0bcfd3520c92a518,1
R7,openimages_train_prefix,auxiliary_out_of_exam,A,looking_around,N,UNKNOWN,OI-image-1ecc74ea1d40533d,1
R7,openimages_train_prefix,auxiliary_out_of_exam,A,looking_around,N,UNKNOWN,OI3-image-0b23a339e9f3e9f9,1
R7,openimages_train_prefix,auxiliary_out_of_exam,A,looking_around,N,UNKNOWN,OI3-image-10b5984e63fe4e0e,1
R7,openimages_train_prefix,auxiliary_out_of_exam,A,looking_around,N,UNKNOWN,OI3-image-124353c9c0b3742f,1
R7,openimages_train_prefix,auxiliary_out_of_exam,A,looking_around,N,UNKNOWN,OI3-image-12d0710e82f45e9d,1
R7,openimages_train_prefix,auxiliary_out_of_exam,A,looking_around,N,UNKNOWN,OI3-image-135f4c9e712648af,1
R7,openimages_train_prefix,auxiliary_out_of_exam,A,looking_around,N,UNKNOWN,OI4-image-093cd5ff30cc3211,1
R7,openimages_train_prefix,auxiliary_out_of_exam,A,looking_around,N,UNKNOWN,OI4-image-0ba60d6ca81b3772,1
R7,openimages_train_prefix,auxiliary_out_of_exam,A,looking_around,P,UNKNOWN,OI-image-02ec1f0836bd6d3c,1
R7,openimages_train_prefix,auxiliary_out_of_exam,A,looking_around,P,UNKNOWN,OI3-image-0b12a350f65e3c57,1
R7,openimages_train_prefix,auxiliary_out_of_exam,A,looking_around,P,UNKNOWN,OI3-image-163fbc1bc335e714,1
R7,openimages_train_prefix,auxiliary_out_of_exam,A,looking_around,P,UNKNOWN,OI4-image-0ef81e4e4794a34b,1
R7,openimages_train_prefix,auxiliary_out_of_exam,A,looking_around,P,UNKNOWN,OI4-image-1b15c81f9c342cea,1
R7,openimages_train_prefix,auxiliary_out_of_exam,A,looking_around,U,UNKNOWN,OI-image-11fb5266e3700719,1
R7,openimages_train_prefix,auxiliary_out_of_exam,A,looking_around,U,UNKNOWN,OI-image-16820791e1376950,1
R7,openimages_train_prefix,auxiliary_out_of_exam,A,looking_around,U,UNKNOWN,OI-image-197c2ef481c39f41,1
R7,openimages_train_prefix,auxiliary_out_of_exam,A,looking_around,U,UNKNOWN,OI-image-1cc075f16a5b6e70,1
R7,openimages_train_prefix,auxiliary_out_of_exam,A,looking_around,U,UNKNOWN,OI3-image-06ff655145b3c7f4,1
R7,openimages_train_prefix,auxiliary_out_of_exam,A,looking_around,U,UNKNOWN,OI3-image-0704e414fc458410,1
R7,openimages_train_prefix,auxiliary_out_of_exam,A,looking_around,U,UNKNOWN,OI3-image-129edf3e1ad7e93d,1
R7,openimages_train_prefix,auxiliary_out_of_exam,A,looking_around,U,UNKNOWN,OI4-image-08f00b7676e32dcc,1
R7,openimages_train_prefix,auxiliary_out_of_exam,A,looking_around,U,UNKNOWN,OI4-image-1013b88a66eaed41,1
R7,openimages_train_prefix,auxiliary_out_of_exam,A,looking_around,U,UNKNOWN,OI4-image-17051ce4cb9e31aa,1
R7,openimages_train_prefix,auxiliary_out_of_exam,A,looking_around,U,UNKNOWN,OI4-image-178bf941ff675747,1
R7,openimages_train_prefix,auxiliary_out_of_exam,A,phone_use,N,UNKNOWN,OI-image-0bcfd3520c92a518,1
R7,openimages_train_prefix,auxiliary_out_of_exam,A,phone_use,N,UNKNOWN,OI-image-16820791e1376950,1
R7,openimages_train_prefix,auxiliary_out_of_exam,A,phone_use,N,UNKNOWN,OI-image-197c2ef481c39f41,1
R7,openimages_train_prefix,auxiliary_out_of_exam,A,phone_use,N,UNKNOWN,OI-image-1ecc74ea1d40533d,1
R7,openimages_train_prefix,auxiliary_out_of_exam,A,phone_use,N,UNKNOWN,OI3-image-0b23a339e9f3e9f9,1
R7,openimages_train_prefix,auxiliary_out_of_exam,A,phone_use,N,UNKNOWN,OI3-image-10b5984e63fe4e0e,1
R7,openimages_train_prefix,auxiliary_out_of_exam,A,phone_use,N,UNKNOWN,OI3-image-124353c9c0b3742f,1
R7,openimages_train_prefix,auxiliary_out_of_exam,A,phone_use,N,UNKNOWN,OI3-image-12d0710e82f45e9d,1
R7,openimages_train_prefix,auxiliary_out_of_exam,A,phone_use,N,UNKNOWN,OI3-image-135f4c9e712648af,1
R7,openimages_train_prefix,auxiliary_out_of_exam,A,phone_use,N,UNKNOWN,OI4-image-093cd5ff30cc3211,1
R7,openimages_train_prefix,auxiliary_out_of_exam,A,phone_use,N,UNKNOWN,OI4-image-0ba60d6ca81b3772,1
R7,openimages_train_prefix,auxiliary_out_of_exam,A,phone_use,P,UNKNOWN,OI-image-02ec1f0836bd6d3c,1
R7,openimages_train_prefix,auxiliary_out_of_exam,A,phone_use,P,UNKNOWN,OI-image-11fb5266e3700719,1
R7,openimages_train_prefix,auxiliary_out_of_exam,A,phone_use,P,UNKNOWN,OI-image-1cc075f16a5b6e70,1
R7,openimages_train_prefix,auxiliary_out_of_exam,A,phone_use,P,UNKNOWN,OI3-image-06ff655145b3c7f4,1
R7,openimages_train_prefix,auxiliary_out_of_exam,A,phone_use,P,UNKNOWN,OI3-image-0704e414fc458410,1
R7,openimages_train_prefix,auxiliary_out_of_exam,A,phone_use,P,UNKNOWN,OI3-image-0b12a350f65e3c57,1
R7,openimages_train_prefix,auxiliary_out_of_exam,A,phone_use,P,UNKNOWN,OI3-image-129edf3e1ad7e93d,1
R7,openimages_train_prefix,auxiliary_out_of_exam,A,phone_use,P,UNKNOWN,OI3-image-163fbc1bc335e714,1
R7,openimages_train_prefix,auxiliary_out_of_exam,A,phone_use,P,UNKNOWN,OI4-image-08f00b7676e32dcc,1
R7,openimages_train_prefix,auxiliary_out_of_exam,A,phone_use,P,UNKNOWN,OI4-image-0ef81e4e4794a34b,1
R7,openimages_train_prefix,auxiliary_out_of_exam,A,phone_use,P,UNKNOWN,OI4-image-1013b88a66eaed41,1
R7,openimages_train_prefix,auxiliary_out_of_exam,A,phone_use,P,UNKNOWN,OI4-image-17051ce4cb9e31aa,1
R7,openimages_train_prefix,auxiliary_out_of_exam,A,phone_use,P,UNKNOWN,OI4-image-178bf941ff675747,1
R7,openimages_train_prefix,auxiliary_out_of_exam,A,phone_use,P,UNKNOWN,OI4-image-1b15c81f9c342cea,1
R7,openimages_train_prefix,auxiliary_out_of_exam,B,looking_around,N,UNKNOWN,OI3-image-000f186681cac78d,1
R7,openimages_train_prefix,auxiliary_out_of_exam,B,looking_around,N,UNKNOWN,OI3-image-075f532008242818,1
R7,openimages_train_prefix,auxiliary_out_of_exam,B,looking_around,N,UNKNOWN,OI3-image-0cedfe2996e86ed5,1
R7,openimages_train_prefix,auxiliary_out_of_exam,B,looking_around,N,UNKNOWN,OI3-image-10cbbd2c9c745068,1
R7,openimages_train_prefix,auxiliary_out_of_exam,B,looking_around,N,UNKNOWN,OI3-image-12373ba9fbc59a44,1
R7,openimages_train_prefix,auxiliary_out_of_exam,B,looking_around,N,UNKNOWN,OI3-image-1472448436b9869b,1
R7,openimages_train_prefix,auxiliary_out_of_exam,B,looking_around,N,UNKNOWN,OI3-image-14e2f2b108ebdab4,1
R7,openimages_train_prefix,auxiliary_out_of_exam,B,looking_around,N,UNKNOWN,OI4-image-003334500cdd78c1,1
R7,openimages_train_prefix,auxiliary_out_of_exam,B,looking_around,N,UNKNOWN,OI4-image-025ae13a1dc43acc,1
R7,openimages_train_prefix,auxiliary_out_of_exam,B,looking_around,N,UNKNOWN,OI4-image-0921c5617e165913,1
R7,openimages_train_prefix,auxiliary_out_of_exam,B,looking_around,N,UNKNOWN,OI4-image-1440aac5aded454c,1
R7,openimages_train_prefix,auxiliary_out_of_exam,B,looking_around,P,UNKNOWN,OI3-image-01d67c6f223705c6,1
R7,openimages_train_prefix,auxiliary_out_of_exam,B,looking_around,P,UNKNOWN,OI3-image-03a641b9e5d32ec4,1
R7,openimages_train_prefix,auxiliary_out_of_exam,B,looking_around,P,UNKNOWN,OI3-image-146b06768299d7cf,1
R7,openimages_train_prefix,auxiliary_out_of_exam,B,looking_around,P,UNKNOWN,OI4-image-0f5e299b0f6b3ddc,1
R7,openimages_train_prefix,auxiliary_out_of_exam,B,looking_around,U,UNKNOWN,OI-image-0010383f11a3d639,1
R7,openimages_train_prefix,auxiliary_out_of_exam,B,looking_around,U,UNKNOWN,OI-image-001a064f84f98c59,1
R7,openimages_train_prefix,auxiliary_out_of_exam,B,looking_around,U,UNKNOWN,OI-image-00209998b801428e,1
R7,openimages_train_prefix,auxiliary_out_of_exam,B,looking_around,U,UNKNOWN,OI-image-04903c673ec80166,1
R7,openimages_train_prefix,auxiliary_out_of_exam,B,looking_around,U,UNKNOWN,OI-image-0769fb5e8b237eb9,1
R7,openimages_train_prefix,auxiliary_out_of_exam,B,looking_around,U,UNKNOWN,OI-image-0a4694b85a31aa05,1
R7,openimages_train_prefix,auxiliary_out_of_exam,B,looking_around,U,UNKNOWN,OI-image-0ebee4133320f53b,1
R7,openimages_train_prefix,auxiliary_out_of_exam,B,looking_around,U,UNKNOWN,OI-image-14b052e70f9ec007,1
R7,openimages_train_prefix,auxiliary_out_of_exam,B,looking_around,U,UNKNOWN,OI-image-1c20eedd8864fb96,1
R7,openimages_train_prefix,auxiliary_out_of_exam,B,looking_around,U,UNKNOWN,OI3-image-01979849acc27462,1
R7,openimages_train_prefix,auxiliary_out_of_exam,B,looking_around,U,UNKNOWN,OI4-image-14120d6c7e0aa9df,1
R7,openimages_train_prefix,auxiliary_out_of_exam,B,looking_around,U,UNKNOWN,OI4-image-176e818726406a46,1
R7,openimages_train_prefix,auxiliary_out_of_exam,B,phone_use,N,UNKNOWN,OI-image-0ebee4133320f53b,1
R7,openimages_train_prefix,auxiliary_out_of_exam,B,phone_use,N,UNKNOWN,OI3-image-000f186681cac78d,1
R7,openimages_train_prefix,auxiliary_out_of_exam,B,phone_use,N,UNKNOWN,OI3-image-01979849acc27462,1
R7,openimages_train_prefix,auxiliary_out_of_exam,B,phone_use,N,UNKNOWN,OI3-image-01d67c6f223705c6,1
R7,openimages_train_prefix,auxiliary_out_of_exam,B,phone_use,N,UNKNOWN,OI3-image-03a641b9e5d32ec4,1
R7,openimages_train_prefix,auxiliary_out_of_exam,B,phone_use,N,UNKNOWN,OI3-image-075f532008242818,1
R7,openimages_train_prefix,auxiliary_out_of_exam,B,phone_use,N,UNKNOWN,OI3-image-0cedfe2996e86ed5,1
R7,openimages_train_prefix,auxiliary_out_of_exam,B,phone_use,N,UNKNOWN,OI3-image-10cbbd2c9c745068,1
R7,openimages_train_prefix,auxiliary_out_of_exam,B,phone_use,N,UNKNOWN,OI3-image-12373ba9fbc59a44,1
R7,openimages_train_prefix,auxiliary_out_of_exam,B,phone_use,N,UNKNOWN,OI3-image-146b06768299d7cf,1
R7,openimages_train_prefix,auxiliary_out_of_exam,B,phone_use,N,UNKNOWN,OI3-image-1472448436b9869b,1
R7,openimages_train_prefix,auxiliary_out_of_exam,B,phone_use,N,UNKNOWN,OI3-image-14e2f2b108ebdab4,1
R7,openimages_train_prefix,auxiliary_out_of_exam,B,phone_use,N,UNKNOWN,OI4-image-003334500cdd78c1,1
R7,openimages_train_prefix,auxiliary_out_of_exam,B,phone_use,N,UNKNOWN,OI4-image-025ae13a1dc43acc,1
R7,openimages_train_prefix,auxiliary_out_of_exam,B,phone_use,N,UNKNOWN,OI4-image-0921c5617e165913,1
R7,openimages_train_prefix,auxiliary_out_of_exam,B,phone_use,N,UNKNOWN,OI4-image-0f5e299b0f6b3ddc,1
R7,openimages_train_prefix,auxiliary_out_of_exam,B,phone_use,N,UNKNOWN,OI4-image-14120d6c7e0aa9df,1
R7,openimages_train_prefix,auxiliary_out_of_exam,B,phone_use,N,UNKNOWN,OI4-image-1440aac5aded454c,1
R7,openimages_train_prefix,auxiliary_out_of_exam,B,phone_use,N,UNKNOWN,OI4-image-176e818726406a46,1
R7,openimages_train_prefix,auxiliary_out_of_exam,B,phone_use,P,UNKNOWN,OI-image-0010383f11a3d639,1
R7,openimages_train_prefix,auxiliary_out_of_exam,B,phone_use,P,UNKNOWN,OI-image-001a064f84f98c59,1
R7,openimages_train_prefix,auxiliary_out_of_exam,B,phone_use,P,UNKNOWN,OI-image-00209998b801428e,1
R7,openimages_train_prefix,auxiliary_out_of_exam,B,phone_use,P,UNKNOWN,OI-image-04903c673ec80166,1
R7,openimages_train_prefix,auxiliary_out_of_exam,B,phone_use,P,UNKNOWN,OI-image-0769fb5e8b237eb9,1
R7,openimages_train_prefix,auxiliary_out_of_exam,B,phone_use,P,UNKNOWN,OI-image-0a4694b85a31aa05,1
R7,openimages_train_prefix,auxiliary_out_of_exam,B,phone_use,P,UNKNOWN,OI-image-14b052e70f9ec007,1
R7,openimages_train_prefix,auxiliary_out_of_exam,B,phone_use,P,UNKNOWN,OI-image-1c20eedd8864fb96,1
R7,openimages_train_prefix,auxiliary_out_of_exam,C,looking_around,N,UNKNOWN,OI-image-02824f0ef9c9fc1d,1
R7,openimages_train_prefix,auxiliary_out_of_exam,C,looking_around,N,UNKNOWN,OI-image-0657ac512522fee2,1
R7,openimages_train_prefix,auxiliary_out_of_exam,C,looking_around,N,UNKNOWN,OI-image-0bb990998654714a,1
R7,openimages_train_prefix,auxiliary_out_of_exam,C,looking_around,N,UNKNOWN,OI-image-1ab082a46a09980a,1
R7,openimages_train_prefix,auxiliary_out_of_exam,C,looking_around,N,UNKNOWN,OI3-image-020093783b9a0d05,1
R7,openimages_train_prefix,auxiliary_out_of_exam,C,looking_around,N,UNKNOWN,OI3-image-03c9befccca6d69f,1
R7,openimages_train_prefix,auxiliary_out_of_exam,C,looking_around,N,UNKNOWN,OI3-image-07fe7744cfd55589,1
R7,openimages_train_prefix,auxiliary_out_of_exam,C,looking_around,N,UNKNOWN,OI3-image-0ea258cfc19edbe8,1
R7,openimages_train_prefix,auxiliary_out_of_exam,C,looking_around,N,UNKNOWN,OI3-image-146b06768299d7cf,1
R7,openimages_train_prefix,auxiliary_out_of_exam,C,looking_around,N,UNKNOWN,OI3-image-19cd55f8bd5f121d,1
R7,openimages_train_prefix,auxiliary_out_of_exam,C,looking_around,N,UNKNOWN,OI3-image-1a78d1bf6fa31659,1
R7,openimages_train_prefix,auxiliary_out_of_exam,C,looking_around,N,UNKNOWN,OI3-image-1de51302f3762022,1
R7,openimages_train_prefix,auxiliary_out_of_exam,C,looking_around,N,UNKNOWN,OI4-image-0020d920ddaeec76,1
R7,openimages_train_prefix,auxiliary_out_of_exam,C,looking_around,N,UNKNOWN,OI4-image-04db7181cb6769ec,1
R7,openimages_train_prefix,auxiliary_out_of_exam,C,looking_around,N,UNKNOWN,OI4-image-084f66accbc675ae,1
R7,openimages_train_prefix,auxiliary_out_of_exam,C,looking_around,N,UNKNOWN,OI4-image-08f00b7676e32dcc,1
R7,openimages_train_prefix,auxiliary_out_of_exam,C,looking_around,N,UNKNOWN,OI4-image-093cd5ff30cc3211,1
R7,openimages_train_prefix,auxiliary_out_of_exam,C,looking_around,N,UNKNOWN,OI4-image-19dba4364675dd62,1
R7,openimages_train_prefix,auxiliary_out_of_exam,C,looking_around,N,UNKNOWN,OI4-image-1d1c43c175a43146,1
R7,openimages_train_prefix,auxiliary_out_of_exam,C,looking_around,P,UNKNOWN,OI-image-00af2c7d2386b4e6,1
R7,openimages_train_prefix,auxiliary_out_of_exam,C,looking_around,P,UNKNOWN,OI-image-020af79719c39238,1
R7,openimages_train_prefix,auxiliary_out_of_exam,C,looking_around,P,UNKNOWN,OI-image-0859600a05027ce5,1
R7,openimages_train_prefix,auxiliary_out_of_exam,C,looking_around,P,UNKNOWN,OI-image-0ce21d0e54cbc24f,1
R7,openimages_train_prefix,auxiliary_out_of_exam,C,looking_around,P,UNKNOWN,OI-image-1ddc1d973a4d1f52,1
R7,openimages_train_prefix,auxiliary_out_of_exam,C,looking_around,P,UNKNOWN,OI3-image-01933ab305f3311f,1
R7,openimages_train_prefix,auxiliary_out_of_exam,C,looking_around,P,UNKNOWN,OI3-image-08c90260cf025c0e,1
R7,openimages_train_prefix,auxiliary_out_of_exam,C,looking_around,P,UNKNOWN,OI3-image-1495b578dd5d7479,1
R7,openimages_train_prefix,auxiliary_out_of_exam,C,looking_around,P,UNKNOWN,OI4-image-020bc26e3593a415,1
R7,openimages_train_prefix,auxiliary_out_of_exam,C,looking_around,P,UNKNOWN,OI4-image-0448a2b6a0d3d4b4,1
R7,openimages_train_prefix,auxiliary_out_of_exam,C,phone_use,N,UNKNOWN,OI3-image-03c9befccca6d69f,1
R7,openimages_train_prefix,auxiliary_out_of_exam,C,phone_use,N,UNKNOWN,OI3-image-1a78d1bf6fa31659,1
R7,openimages_train_prefix,auxiliary_out_of_exam,C,phone_use,U,UNKNOWN,OI-image-00af2c7d2386b4e6,1
R7,openimages_train_prefix,auxiliary_out_of_exam,C,phone_use,U,UNKNOWN,OI-image-020af79719c39238,1
R7,openimages_train_prefix,auxiliary_out_of_exam,C,phone_use,U,UNKNOWN,OI-image-02824f0ef9c9fc1d,1
R7,openimages_train_prefix,auxiliary_out_of_exam,C,phone_use,U,UNKNOWN,OI-image-0657ac512522fee2,1
R7,openimages_train_prefix,auxiliary_out_of_exam,C,phone_use,U,UNKNOWN,OI-image-0859600a05027ce5,1
R7,openimages_train_prefix,auxiliary_out_of_exam,C,phone_use,U,UNKNOWN,OI-image-0bb990998654714a,1
R7,openimages_train_prefix,auxiliary_out_of_exam,C,phone_use,U,UNKNOWN,OI-image-0ce21d0e54cbc24f,1
R7,openimages_train_prefix,auxiliary_out_of_exam,C,phone_use,U,UNKNOWN,OI-image-1ab082a46a09980a,1
R7,openimages_train_prefix,auxiliary_out_of_exam,C,phone_use,U,UNKNOWN,OI-image-1ddc1d973a4d1f52,1
R7,openimages_train_prefix,auxiliary_out_of_exam,C,phone_use,U,UNKNOWN,OI3-image-01933ab305f3311f,1
R7,openimages_train_prefix,auxiliary_out_of_exam,C,phone_use,U,UNKNOWN,OI3-image-020093783b9a0d05,1
R7,openimages_train_prefix,auxiliary_out_of_exam,C,phone_use,U,UNKNOWN,OI3-image-07fe7744cfd55589,1
R7,openimages_train_prefix,auxiliary_out_of_exam,C,phone_use,U,UNKNOWN,OI3-image-08c90260cf025c0e,1
R7,openimages_train_prefix,auxiliary_out_of_exam,C,phone_use,U,UNKNOWN,OI3-image-0ea258cfc19edbe8,1
R7,openimages_train_prefix,auxiliary_out_of_exam,C,phone_use,U,UNKNOWN,OI3-image-146b06768299d7cf,1
R7,openimages_train_prefix,auxiliary_out_of_exam,C,phone_use,U,UNKNOWN,OI3-image-1495b578dd5d7479,1
R7,openimages_train_prefix,auxiliary_out_of_exam,C,phone_use,U,UNKNOWN,OI3-image-19cd55f8bd5f121d,1
R7,openimages_train_prefix,auxiliary_out_of_exam,C,phone_use,U,UNKNOWN,OI3-image-1de51302f3762022,1
R7,openimages_train_prefix,auxiliary_out_of_exam,C,phone_use,U,UNKNOWN,OI4-image-0020d920ddaeec76,1
R7,openimages_train_prefix,auxiliary_out_of_exam,C,phone_use,U,UNKNOWN,OI4-image-020bc26e3593a415,1
R7,openimages_train_prefix,auxiliary_out_of_exam,C,phone_use,U,UNKNOWN,OI4-image-0448a2b6a0d3d4b4,1
R7,openimages_train_prefix,auxiliary_out_of_exam,C,phone_use,U,UNKNOWN,OI4-image-04db7181cb6769ec,1
R7,openimages_train_prefix,auxiliary_out_of_exam,C,phone_use,U,UNKNOWN,OI4-image-084f66accbc675ae,1
R7,openimages_train_prefix,auxiliary_out_of_exam,C,phone_use,U,UNKNOWN,OI4-image-08f00b7676e32dcc,1
R7,openimages_train_prefix,auxiliary_out_of_exam,C,phone_use,U,UNKNOWN,OI4-image-093cd5ff30cc3211,1
R7,openimages_train_prefix,auxiliary_out_of_exam,C,phone_use,U,UNKNOWN,OI4-image-19dba4364675dd62,1
R7,openimages_train_prefix,auxiliary_out_of_exam,C,phone_use,U,UNKNOWN,OI4-image-1d1c43c175a43146,1
R7,openimages_train_prefix,auxiliary_out_of_exam,D,looking_around,N,UNKNOWN,OI3-image-188590ba5240110a,1
R7,openimages_train_prefix,auxiliary_out_of_exam,D,looking_around,N,UNKNOWN,OI4-image-003334500cdd78c1,1
R7,openimages_train_prefix,auxiliary_out_of_exam,D,looking_around,N,UNKNOWN,OI4-image-08f00b7676e32dcc,1
R7,openimages_train_prefix,auxiliary_out_of_exam,D,looking_around,N,UNKNOWN,OI4-image-0d95a16f4b721523,1
R7,openimages_train_prefix,auxiliary_out_of_exam,D,looking_around,N,UNKNOWN,OI4-image-1013b88a66eaed41,1
R7,openimages_train_prefix,auxiliary_out_of_exam,D,looking_around,N,UNKNOWN,OI4-image-195d50f2a8b693f7,1
R7,openimages_train_prefix,auxiliary_out_of_exam,D,looking_around,U,UNKNOWN,OI3-image-06ff655145b3c7f4,1
R7,openimages_train_prefix,auxiliary_out_of_exam,D,looking_around,U,UNKNOWN,OI3-image-07b533661ede7e50,1
R7,openimages_train_prefix,auxiliary_out_of_exam,D,looking_around,U,UNKNOWN,OI3-image-0f384b76033e2456,1
R7,openimages_train_prefix,auxiliary_out_of_exam,D,looking_around,U,UNKNOWN,OI4-image-00100b721367c708,2
R7,openimages_train_prefix,auxiliary_out_of_exam,D,phone_use,P,UNKNOWN,OI3-image-06ff655145b3c7f4,1
R7,openimages_train_prefix,auxiliary_out_of_exam,D,phone_use,P,UNKNOWN,OI3-image-07b533661ede7e50,1
R7,openimages_train_prefix,auxiliary_out_of_exam,D,phone_use,P,UNKNOWN,OI3-image-0f384b76033e2456,1
R7,openimages_train_prefix,auxiliary_out_of_exam,D,phone_use,P,UNKNOWN,OI4-image-00100b721367c708,2
R7,openimages_train_prefix,auxiliary_out_of_exam,D,phone_use,P,UNKNOWN,OI4-image-1013b88a66eaed41,1
R7,openimages_train_prefix,auxiliary_out_of_exam,D,phone_use,U,UNKNOWN,OI3-image-188590ba5240110a,1
R7,openimages_train_prefix,auxiliary_out_of_exam,D,phone_use,U,UNKNOWN,OI4-image-003334500cdd78c1,1
R7,openimages_train_prefix,auxiliary_out_of_exam,D,phone_use,U,UNKNOWN,OI4-image-08f00b7676e32dcc,1
R7,openimages_train_prefix,auxiliary_out_of_exam,D,phone_use,U,UNKNOWN,OI4-image-0d95a16f4b721523,1
R7,openimages_train_prefix,auxiliary_out_of_exam,D,phone_use,U,UNKNOWN,OI4-image-195d50f2a8b693f7,1
R7,roboflow_v1,classroom_or_exam_context,A,looking_around,N,UNKNOWN,RF-screen-260,1
R7,roboflow_v1,classroom_or_exam_context,A,looking_around,N,UNKNOWN,RF-screen-263,1
R7,roboflow_v1,classroom_or_exam_context,A,looking_around,N,UNKNOWN,RF-screen-266,1
R7,roboflow_v1,classroom_or_exam_context,A,looking_around,N,UNKNOWN,RF-screen-296,1
R7,roboflow_v1,classroom_or_exam_context,A,looking_around,P,UNKNOWN,V7-MERGED-753ca734366e,1
R7,roboflow_v1,classroom_or_exam_context,A,phone_use,N,UNKNOWN,RF-screen-260,1
R7,roboflow_v1,classroom_or_exam_context,A,phone_use,N,UNKNOWN,RF-screen-263,1
R7,roboflow_v1,classroom_or_exam_context,A,phone_use,N,UNKNOWN,RF-screen-266,1
R7,roboflow_v1,classroom_or_exam_context,A,phone_use,N,UNKNOWN,RF-screen-296,1
R7,roboflow_v1,classroom_or_exam_context,A,phone_use,N,UNKNOWN,V7-MERGED-753ca734366e,1
R7,roboflow_v1,classroom_or_exam_context,B,looking_around,N,UNKNOWN,RF-screen-251,1
R7,roboflow_v1,classroom_or_exam_context,B,looking_around,N,UNKNOWN,RF-screen-268,1
R7,roboflow_v1,classroom_or_exam_context,B,looking_around,N,UNKNOWN,RF-screen-284,1
R7,roboflow_v1,classroom_or_exam_context,B,looking_around,U,UNKNOWN,RF-screen-268,1
R7,roboflow_v1,classroom_or_exam_context,B,phone_use,N,UNKNOWN,RF-screen-251,1
R7,roboflow_v1,classroom_or_exam_context,B,phone_use,N,UNKNOWN,RF-screen-268,2
R7,roboflow_v1,classroom_or_exam_context,B,phone_use,N,UNKNOWN,RF-screen-284,1
R7,roboflow_v1,classroom_or_exam_context,C,looking_around,N,UNKNOWN,RF-screen-168,1
R7,roboflow_v1,classroom_or_exam_context,C,looking_around,N,UNKNOWN,RF-screen-177,1
R7,roboflow_v1,classroom_or_exam_context,C,looking_around,N,UNKNOWN,RF-screen-242,1
R7,roboflow_v1,classroom_or_exam_context,C,looking_around,P,UNKNOWN,RF-screen-161,1
R7,roboflow_v1,classroom_or_exam_context,C,looking_around,P,UNKNOWN,RF-screen-164,1
R7,roboflow_v1,classroom_or_exam_context,C,looking_around,P,UNKNOWN,RF-screen-166,1
R7,roboflow_v1,classroom_or_exam_context,C,looking_around,P,UNKNOWN,RF-screen-168,1
R7,roboflow_v1,classroom_or_exam_context,C,looking_around,P,UNKNOWN,RF-screen-177,1
R7,roboflow_v1,classroom_or_exam_context,C,looking_around,P,UNKNOWN,RF-screen-202,2
R7,roboflow_v1,classroom_or_exam_context,C,looking_around,P,UNKNOWN,RF-screen-218,1
R7,roboflow_v1,classroom_or_exam_context,C,looking_around,P,UNKNOWN,RF-screen-234,1
R7,roboflow_v1,classroom_or_exam_context,C,looking_around,P,UNKNOWN,RF-screen-237,1
R7,roboflow_v1,classroom_or_exam_context,C,looking_around,P,UNKNOWN,RF-screen-242,1
R7,roboflow_v1,classroom_or_exam_context,C,phone_use,U,UNKNOWN,RF-screen-161,1
R7,roboflow_v1,classroom_or_exam_context,C,phone_use,U,UNKNOWN,RF-screen-164,1
R7,roboflow_v1,classroom_or_exam_context,C,phone_use,U,UNKNOWN,RF-screen-166,1
R7,roboflow_v1,classroom_or_exam_context,C,phone_use,U,UNKNOWN,RF-screen-168,2
R7,roboflow_v1,classroom_or_exam_context,C,phone_use,U,UNKNOWN,RF-screen-177,2
R7,roboflow_v1,classroom_or_exam_context,C,phone_use,U,UNKNOWN,RF-screen-202,2
R7,roboflow_v1,classroom_or_exam_context,C,phone_use,U,UNKNOWN,RF-screen-218,1
R7,roboflow_v1,classroom_or_exam_context,C,phone_use,U,UNKNOWN,RF-screen-234,1
R7,roboflow_v1,classroom_or_exam_context,C,phone_use,U,UNKNOWN,RF-screen-237,1
R7,roboflow_v1,classroom_or_exam_context,C,phone_use,U,UNKNOWN,RF-screen-242,2
R7,scb_head,classroom_or_exam_context,C,looking_around,N,UNKNOWN,PARENT-TRAIN-PB-G-7adf3e797f0d4d4978d9,1
R7,scb_head,classroom_or_exam_context,C,looking_around,N,UNKNOWN,SCB-prefix-149,1
R7,scb_head,classroom_or_exam_context,C,looking_around,N,UNKNOWN,SCB-prefix-23,2
R7,scb_head,classroom_or_exam_context,C,looking_around,P,UNKNOWN,PARENT-TRAIN-PB-G-18b53fda4c21055b08af,1
R7,scb_head,classroom_or_exam_context,C,looking_around,P,UNKNOWN,PARENT-TRAIN-PB-G-7adf3e797f0d4d4978d9,2
R7,scb_head,classroom_or_exam_context,C,looking_around,P,UNKNOWN,PARENT-TRAIN-PB-G-f0b75b5ac12d58228355,4
R7,scb_head,classroom_or_exam_context,C,looking_around,P,UNKNOWN,PARENT-TRAIN-V6-G-666a2ea0ed4f708dbff2,1
R7,scb_head,classroom_or_exam_context,C,looking_around,P,UNKNOWN,PARENT-TRAIN-V6-G-6af358955ba8ec5f1bd9,1
R7,scb_head,classroom_or_exam_context,C,looking_around,P,UNKNOWN,PARENT-TRAIN-V6-G-7f8137444d3c846d0587,1
R7,scb_head,classroom_or_exam_context,C,looking_around,P,UNKNOWN,SCB-prefix-0001004,1
R7,scb_head,classroom_or_exam_context,C,looking_around,P,UNKNOWN,SCB-prefix-0001064,1
R7,scb_head,classroom_or_exam_context,C,looking_around,P,UNKNOWN,SCB-prefix-0002027,1
R7,scb_head,classroom_or_exam_context,C,looking_around,P,UNKNOWN,SCB-prefix-0002034,1
R7,scb_head,classroom_or_exam_context,C,looking_around,P,UNKNOWN,SCB-prefix-0006012,1
R7,scb_head,classroom_or_exam_context,C,looking_around,P,UNKNOWN,SCB-prefix-137,1
R7,scb_head,classroom_or_exam_context,C,looking_around,P,UNKNOWN,SCB-prefix-143,1
R7,scb_head,classroom_or_exam_context,C,looking_around,P,UNKNOWN,SCB-prefix-15,1
R7,scb_head,classroom_or_exam_context,C,looking_around,P,UNKNOWN,SCB-prefix-23,1
R7,scb_head,classroom_or_exam_context,C,looking_around,P,UNKNOWN,SCB-prefix-24,2
R7,scb_head,classroom_or_exam_context,C,looking_around,P,UNKNOWN,SCB-prefix-54,1
R7,scb_head,classroom_or_exam_context,C,phone_use,U,UNKNOWN,PARENT-TRAIN-PB-G-18b53fda4c21055b08af,1
R7,scb_head,classroom_or_exam_context,C,phone_use,U,UNKNOWN,PARENT-TRAIN-PB-G-7adf3e797f0d4d4978d9,3
R7,scb_head,classroom_or_exam_context,C,phone_use,U,UNKNOWN,PARENT-TRAIN-PB-G-f0b75b5ac12d58228355,4
R7,scb_head,classroom_or_exam_context,C,phone_use,U,UNKNOWN,PARENT-TRAIN-V6-G-666a2ea0ed4f708dbff2,1
R7,scb_head,classroom_or_exam_context,C,phone_use,U,UNKNOWN,PARENT-TRAIN-V6-G-6af358955ba8ec5f1bd9,1
R7,scb_head,classroom_or_exam_context,C,phone_use,U,UNKNOWN,PARENT-TRAIN-V6-G-7f8137444d3c846d0587,1
R7,scb_head,classroom_or_exam_context,C,phone_use,U,UNKNOWN,SCB-prefix-0001004,1
R7,scb_head,classroom_or_exam_context,C,phone_use,U,UNKNOWN,SCB-prefix-0001064,1
R7,scb_head,classroom_or_exam_context,C,phone_use,U,UNKNOWN,SCB-prefix-0002027,1
R7,scb_head,classroom_or_exam_context,C,phone_use,U,UNKNOWN,SCB-prefix-0002034,1
R7,scb_head,classroom_or_exam_context,C,phone_use,U,UNKNOWN,SCB-prefix-0006012,1
R7,scb_head,classroom_or_exam_context,C,phone_use,U,UNKNOWN,SCB-prefix-137,1
R7,scb_head,classroom_or_exam_context,C,phone_use,U,UNKNOWN,SCB-prefix-143,1
R7,scb_head,classroom_or_exam_context,C,phone_use,U,UNKNOWN,SCB-prefix-149,1
R7,scb_head,classroom_or_exam_context,C,phone_use,U,UNKNOWN,SCB-prefix-15,1
R7,scb_head,classroom_or_exam_context,C,phone_use,U,UNKNOWN,SCB-prefix-23,3
R7,scb_head,classroom_or_exam_context,C,phone_use,U,UNKNOWN,SCB-prefix-24,2
R7,scb_head,classroom_or_exam_context,C,phone_use,U,UNKNOWN,SCB-prefix-54,1
R7,scb_hrw,classroom_or_exam_context,C,looking_around,N,UNKNOWN,PARENT-TRAIN-PB-G-18b53fda4c21055b08af,2
R7,scb_hrw,classroom_or_exam_context,C,looking_around,N,UNKNOWN,PARENT-TRAIN-PB-G-f0b75b5ac12d58228355,1
R7,scb_hrw,classroom_or_exam_context,C,looking_around,N,UNKNOWN,SCB-prefix-0009033,1
R7,scb_hrw,classroom_or_exam_context,C,looking_around,N,UNKNOWN,SCB-prefix-0011008,1
R7,scb_hrw,classroom_or_exam_context,C,looking_around,N,UNKNOWN,SCB-prefix-0016020,1
R7,scb_hrw,classroom_or_exam_context,C,looking_around,N,UNKNOWN,SCB-prefix-0024054,1
R7,scb_hrw,classroom_or_exam_context,C,looking_around,N,UNKNOWN,SCB-prefix-0088,1
R7,scb_hrw,classroom_or_exam_context,C,looking_around,N,UNKNOWN,SCB-prefix-133,1
R7,scb_hrw,classroom_or_exam_context,C,looking_around,N,UNKNOWN,SCB-prefix-1395017,1
R7,scb_hrw,classroom_or_exam_context,C,looking_around,N,UNKNOWN,SCB-prefix-1429005,1
R7,scb_hrw,classroom_or_exam_context,C,looking_around,N,UNKNOWN,SCB-prefix-3000088,1
R7,scb_hrw,classroom_or_exam_context,C,looking_around,N,UNKNOWN,SCB-prefix-3000173,1
R7,scb_hrw,classroom_or_exam_context,C,looking_around,N,UNKNOWN,SCB-prefix-3000250,1
R7,scb_hrw,classroom_or_exam_context,C,looking_around,N,UNKNOWN,SCB-prefix-3004049,1
R7,scb_hrw,classroom_or_exam_context,C,looking_around,N,UNKNOWN,SCB-prefix-3004065,1
R7,scb_hrw,classroom_or_exam_context,C,looking_around,N,UNKNOWN,V7-MERGED-8b409f90927e,1
R7,scb_hrw,classroom_or_exam_context,C,looking_around,P,UNKNOWN,SCB-prefix-19,1
R7,scb_hrw,classroom_or_exam_context,C,phone_use,U,UNKNOWN,PARENT-TRAIN-PB-G-18b53fda4c21055b08af,2
R7,scb_hrw,classroom_or_exam_context,C,phone_use,U,UNKNOWN,PARENT-TRAIN-PB-G-f0b75b5ac12d58228355,1
R7,scb_hrw,classroom_or_exam_context,C,phone_use,U,UNKNOWN,SCB-prefix-0009033,1
R7,scb_hrw,classroom_or_exam_context,C,phone_use,U,UNKNOWN,SCB-prefix-0011008,1
R7,scb_hrw,classroom_or_exam_context,C,phone_use,U,UNKNOWN,SCB-prefix-0016020,1
R7,scb_hrw,classroom_or_exam_context,C,phone_use,U,UNKNOWN,SCB-prefix-0024054,1
R7,scb_hrw,classroom_or_exam_context,C,phone_use,U,UNKNOWN,SCB-prefix-0088,1
R7,scb_hrw,classroom_or_exam_context,C,phone_use,U,UNKNOWN,SCB-prefix-133,1
R7,scb_hrw,classroom_or_exam_context,C,phone_use,U,UNKNOWN,SCB-prefix-1395017,1
R7,scb_hrw,classroom_or_exam_context,C,phone_use,U,UNKNOWN,SCB-prefix-1429005,1
R7,scb_hrw,classroom_or_exam_context,C,phone_use,U,UNKNOWN,SCB-prefix-19,1
R7,scb_hrw,classroom_or_exam_context,C,phone_use,U,UNKNOWN,SCB-prefix-3000088,1
R7,scb_hrw,classroom_or_exam_context,C,phone_use,U,UNKNOWN,SCB-prefix-3000173,1
R7,scb_hrw,classroom_or_exam_context,C,phone_use,U,UNKNOWN,SCB-prefix-3000250,1
R7,scb_hrw,classroom_or_exam_context,C,phone_use,U,UNKNOWN,SCB-prefix-3004049,1
R7,scb_hrw,classroom_or_exam_context,C,phone_use,U,UNKNOWN,SCB-prefix-3004065,1
R7,scb_hrw,classroom_or_exam_context,C,phone_use,U,UNKNOWN,V7-MERGED-8b409f90927e,1
R7,student_behaviour,classroom_or_exam_context,B,looking_around,N,UNKNOWN,RF-screen-253,2
R7,student_behaviour,classroom_or_exam_context,B,looking_around,N,UNKNOWN,RF-screen-278,2
R7,student_behaviour,classroom_or_exam_context,B,looking_around,N,UNKNOWN,RF-screen-279,1
R7,student_behaviour,classroom_or_exam_context,B,looking_around,N,UNKNOWN,RF-screen-280,1
R7,student_behaviour,classroom_or_exam_context,B,looking_around,N,UNKNOWN,RF-screen-282,1
R7,student_behaviour,classroom_or_exam_context,B,looking_around,N,UNKNOWN,RF-screen-285,1
R7,student_behaviour,classroom_or_exam_context,B,looking_around,N,UNKNOWN,RF-screen-288,1
R7,student_behaviour,classroom_or_exam_context,B,looking_around,N,UNKNOWN,RF-screen-291,1
R7,student_behaviour,classroom_or_exam_context,B,looking_around,N,UNKNOWN,RF-screen-293,1
R7,student_behaviour,classroom_or_exam_context,B,looking_around,N,UNKNOWN,RF-screen-297,1
R7,student_behaviour,classroom_or_exam_context,B,looking_around,N,UNKNOWN,V7-MERGED-8b409f90927e,1
R7,student_behaviour,classroom_or_exam_context,B,looking_around,P,UNKNOWN,RF-screen-280,1
R7,student_behaviour,classroom_or_exam_context,B,phone_use,N,UNKNOWN,RF-screen-253,2
R7,student_behaviour,classroom_or_exam_context,B,phone_use,N,UNKNOWN,RF-screen-278,2
R7,student_behaviour,classroom_or_exam_context,B,phone_use,N,UNKNOWN,RF-screen-279,1
R7,student_behaviour,classroom_or_exam_context,B,phone_use,N,UNKNOWN,RF-screen-280,2
R7,student_behaviour,classroom_or_exam_context,B,phone_use,N,UNKNOWN,RF-screen-282,1
R7,student_behaviour,classroom_or_exam_context,B,phone_use,N,UNKNOWN,RF-screen-285,1
R7,student_behaviour,classroom_or_exam_context,B,phone_use,N,UNKNOWN,RF-screen-288,1
R7,student_behaviour,classroom_or_exam_context,B,phone_use,N,UNKNOWN,RF-screen-291,1
R7,student_behaviour,classroom_or_exam_context,B,phone_use,N,UNKNOWN,RF-screen-293,1
R7,student_behaviour,classroom_or_exam_context,B,phone_use,N,UNKNOWN,RF-screen-297,1
R7,student_behaviour,classroom_or_exam_context,B,phone_use,N,UNKNOWN,V7-MERGED-8b409f90927e,1
R4-final,classroom_attitude,classroom_or_exam_context,A,looking_around,N,UNKNOWN,RF-screen-134,1
R4-final,classroom_attitude,classroom_or_exam_context,A,looking_around,N,UNKNOWN,RF-screen-149,1
R4-final,classroom_attitude,classroom_or_exam_context,A,looking_around,N,UNKNOWN,RF-screen-160,1
R4-final,classroom_attitude,classroom_or_exam_context,A,looking_around,U,UNKNOWN,RF-screen-115,1
R4-final,classroom_attitude,classroom_or_exam_context,A,looking_around,U,UNKNOWN,RF-screen-142,1
R4-final,classroom_attitude,classroom_or_exam_context,A,looking_around,U,UNKNOWN,RF-screen-86,1
R4-final,classroom_attitude,classroom_or_exam_context,A,looking_around,U,UNKNOWN,RF-white-simulation-desk,1
R4-final,classroom_attitude,classroom_or_exam_context,A,phone_use,N,UNKNOWN,RF-screen-160,1
R4-final,classroom_attitude,classroom_or_exam_context,A,phone_use,P,UNKNOWN,RF-screen-115,1
R4-final,classroom_attitude,classroom_or_exam_context,A,phone_use,P,UNKNOWN,RF-screen-134,1
R4-final,classroom_attitude,classroom_or_exam_context,A,phone_use,P,UNKNOWN,RF-screen-142,1
R4-final,classroom_attitude,classroom_or_exam_context,A,phone_use,P,UNKNOWN,RF-screen-149,1
R4-final,classroom_attitude,classroom_or_exam_context,A,phone_use,P,UNKNOWN,RF-screen-86,1
R4-final,classroom_attitude,classroom_or_exam_context,A,phone_use,P,UNKNOWN,RF-white-simulation-desk,1
R4-final,classroom_attitude,classroom_or_exam_context,B,looking_around,N,UNKNOWN,V7-MERGED-1d3d84778cb2,2
R4-final,classroom_attitude,classroom_or_exam_context,B,looking_around,U,UNKNOWN,RF-screen-100,1
R4-final,classroom_attitude,classroom_or_exam_context,B,looking_around,U,UNKNOWN,RF-screen-107,1
R4-final,classroom_attitude,classroom_or_exam_context,B,looking_around,U,UNKNOWN,RF-screen-11,1
R4-final,classroom_attitude,classroom_or_exam_context,B,looking_around,U,UNKNOWN,RF-screen-12,1
R4-final,classroom_attitude,classroom_or_exam_context,B,looking_around,U,UNKNOWN,RF-screen-122,1
R4-final,classroom_attitude,classroom_or_exam_context,B,looking_around,U,UNKNOWN,RF-screen-129,1
R4-final,classroom_attitude,classroom_or_exam_context,B,looking_around,U,UNKNOWN,RF-screen-13,1
R4-final,classroom_attitude,classroom_or_exam_context,B,looking_around,U,UNKNOWN,RF-screen-134,1
R4-final,classroom_attitude,classroom_or_exam_context,B,looking_around,U,UNKNOWN,RF-screen-135,1
R4-final,classroom_attitude,classroom_or_exam_context,B,looking_around,U,UNKNOWN,RF-screen-140,1
R4-final,classroom_attitude,classroom_or_exam_context,B,looking_around,U,UNKNOWN,RF-screen-142,1
R4-final,classroom_attitude,classroom_or_exam_context,B,looking_around,U,UNKNOWN,RF-screen-146,1
R4-final,classroom_attitude,classroom_or_exam_context,B,looking_around,U,UNKNOWN,RF-screen-147,1
R4-final,classroom_attitude,classroom_or_exam_context,B,looking_around,U,UNKNOWN,RF-screen-15,1
R4-final,classroom_attitude,classroom_or_exam_context,B,looking_around,U,UNKNOWN,RF-screen-151,1
R4-final,classroom_attitude,classroom_or_exam_context,B,looking_around,U,UNKNOWN,RF-screen-19,1
R4-final,classroom_attitude,classroom_or_exam_context,B,looking_around,U,UNKNOWN,RF-screen-21,1
R4-final,classroom_attitude,classroom_or_exam_context,B,looking_around,U,UNKNOWN,RF-screen-31,1
R4-final,classroom_attitude,classroom_or_exam_context,B,looking_around,U,UNKNOWN,RF-screen-33,1
R4-final,classroom_attitude,classroom_or_exam_context,B,looking_around,U,UNKNOWN,RF-screen-4,1
R4-final,classroom_attitude,classroom_or_exam_context,B,looking_around,U,UNKNOWN,RF-screen-41,1
R4-final,classroom_attitude,classroom_or_exam_context,B,looking_around,U,UNKNOWN,RF-screen-43,1
R4-final,classroom_attitude,classroom_or_exam_context,B,looking_around,U,UNKNOWN,RF-screen-48,1
R4-final,classroom_attitude,classroom_or_exam_context,B,looking_around,U,UNKNOWN,RF-screen-49,1
R4-final,classroom_attitude,classroom_or_exam_context,B,looking_around,U,UNKNOWN,RF-screen-52,1
R4-final,classroom_attitude,classroom_or_exam_context,B,looking_around,U,UNKNOWN,RF-screen-54,1
R4-final,classroom_attitude,classroom_or_exam_context,B,looking_around,U,UNKNOWN,RF-screen-64,1
R4-final,classroom_attitude,classroom_or_exam_context,B,looking_around,U,UNKNOWN,RF-screen-70,1
R4-final,classroom_attitude,classroom_or_exam_context,B,looking_around,U,UNKNOWN,RF-screen-97,1
R4-final,classroom_attitude,classroom_or_exam_context,B,looking_around,U,UNKNOWN,V7-MERGED-1d3d84778cb2,1
R4-final,classroom_attitude,classroom_or_exam_context,B,phone_use,N,UNKNOWN,V7-MERGED-1d3d84778cb2,2
R4-final,classroom_attitude,classroom_or_exam_context,B,phone_use,P,UNKNOWN,RF-screen-100,1
R4-final,classroom_attitude,classroom_or_exam_context,B,phone_use,P,UNKNOWN,RF-screen-107,1
R4-final,classroom_attitude,classroom_or_exam_context,B,phone_use,P,UNKNOWN,RF-screen-11,1
R4-final,classroom_attitude,classroom_or_exam_context,B,phone_use,P,UNKNOWN,RF-screen-12,1
R4-final,classroom_attitude,classroom_or_exam_context,B,phone_use,P,UNKNOWN,RF-screen-122,1
R4-final,classroom_attitude,classroom_or_exam_context,B,phone_use,P,UNKNOWN,RF-screen-129,1
R4-final,classroom_attitude,classroom_or_exam_context,B,phone_use,P,UNKNOWN,RF-screen-13,1
R4-final,classroom_attitude,classroom_or_exam_context,B,phone_use,P,UNKNOWN,RF-screen-134,1
R4-final,classroom_attitude,classroom_or_exam_context,B,phone_use,P,UNKNOWN,RF-screen-135,1
R4-final,classroom_attitude,classroom_or_exam_context,B,phone_use,P,UNKNOWN,RF-screen-142,1
R4-final,classroom_attitude,classroom_or_exam_context,B,phone_use,P,UNKNOWN,RF-screen-147,1
R4-final,classroom_attitude,classroom_or_exam_context,B,phone_use,P,UNKNOWN,RF-screen-15,1
R4-final,classroom_attitude,classroom_or_exam_context,B,phone_use,P,UNKNOWN,RF-screen-151,1
R4-final,classroom_attitude,classroom_or_exam_context,B,phone_use,P,UNKNOWN,RF-screen-19,1
R4-final,classroom_attitude,classroom_or_exam_context,B,phone_use,P,UNKNOWN,RF-screen-21,1
R4-final,classroom_attitude,classroom_or_exam_context,B,phone_use,P,UNKNOWN,RF-screen-31,1
R4-final,classroom_attitude,classroom_or_exam_context,B,phone_use,P,UNKNOWN,RF-screen-33,1
R4-final,classroom_attitude,classroom_or_exam_context,B,phone_use,P,UNKNOWN,RF-screen-4,1
R4-final,classroom_attitude,classroom_or_exam_context,B,phone_use,P,UNKNOWN,RF-screen-41,1
R4-final,classroom_attitude,classroom_or_exam_context,B,phone_use,P,UNKNOWN,RF-screen-43,1
R4-final,classroom_attitude,classroom_or_exam_context,B,phone_use,P,UNKNOWN,RF-screen-48,1
R4-final,classroom_attitude,classroom_or_exam_context,B,phone_use,P,UNKNOWN,RF-screen-49,1
R4-final,classroom_attitude,classroom_or_exam_context,B,phone_use,P,UNKNOWN,RF-screen-52,1
R4-final,classroom_attitude,classroom_or_exam_context,B,phone_use,P,UNKNOWN,RF-screen-54,1
R4-final,classroom_attitude,classroom_or_exam_context,B,phone_use,P,UNKNOWN,RF-screen-64,1
R4-final,classroom_attitude,classroom_or_exam_context,B,phone_use,P,UNKNOWN,RF-screen-70,1
R4-final,classroom_attitude,classroom_or_exam_context,B,phone_use,P,UNKNOWN,RF-screen-97,1
R4-final,classroom_attitude,classroom_or_exam_context,B,phone_use,P,UNKNOWN,V7-MERGED-1d3d84778cb2,1
R4-final,classroom_attitude,classroom_or_exam_context,B,phone_use,U,UNKNOWN,RF-screen-140,1
R4-final,classroom_attitude,classroom_or_exam_context,B,phone_use,U,UNKNOWN,RF-screen-146,1
R4-final,classroom_attitude,classroom_or_exam_context,D,looking_around,N,UNKNOWN,RF-screen-104,1
R4-final,classroom_attitude,classroom_or_exam_context,D,looking_around,P,UNKNOWN,RF-screen-109,1
R4-final,classroom_attitude,classroom_or_exam_context,D,looking_around,P,UNKNOWN,RF-screen-11,1
R4-final,classroom_attitude,classroom_or_exam_context,D,looking_around,P,UNKNOWN,RF-screen-135,1
R4-final,classroom_attitude,classroom_or_exam_context,D,looking_around,P,UNKNOWN,RF-screen-4,1
R4-final,classroom_attitude,classroom_or_exam_context,D,looking_around,U,UNKNOWN,RF-screen-108,1
R4-final,classroom_attitude,classroom_or_exam_context,D,looking_around,U,UNKNOWN,RF-screen-116,1
R4-final,classroom_attitude,classroom_or_exam_context,D,looking_around,U,UNKNOWN,RF-screen-120,1
R4-final,classroom_attitude,classroom_or_exam_context,D,looking_around,U,UNKNOWN,RF-screen-121,1
R4-final,classroom_attitude,classroom_or_exam_context,D,looking_around,U,UNKNOWN,RF-screen-122,1
R4-final,classroom_attitude,classroom_or_exam_context,D,looking_around,U,UNKNOWN,RF-screen-123,1
R4-final,classroom_attitude,classroom_or_exam_context,D,looking_around,U,UNKNOWN,RF-screen-126,1
R4-final,classroom_attitude,classroom_or_exam_context,D,looking_around,U,UNKNOWN,RF-screen-129,1
R4-final,classroom_attitude,classroom_or_exam_context,D,looking_around,U,UNKNOWN,RF-screen-142,1
R4-final,classroom_attitude,classroom_or_exam_context,D,looking_around,U,UNKNOWN,RF-screen-155,1
R4-final,classroom_attitude,classroom_or_exam_context,D,looking_around,U,UNKNOWN,RF-screen-21,1
R4-final,classroom_attitude,classroom_or_exam_context,D,looking_around,U,UNKNOWN,RF-screen-3,1
R4-final,classroom_attitude,classroom_or_exam_context,D,looking_around,U,UNKNOWN,RF-screen-36,1
R4-final,classroom_attitude,classroom_or_exam_context,D,looking_around,U,UNKNOWN,RF-screen-48,1
R4-final,classroom_attitude,classroom_or_exam_context,D,looking_around,U,UNKNOWN,RF-screen-77,1
R4-final,classroom_attitude,classroom_or_exam_context,D,looking_around,U,UNKNOWN,RF-screen-81,1
R4-final,classroom_attitude,classroom_or_exam_context,D,phone_use,N,UNKNOWN,RF-screen-104,1
R4-final,classroom_attitude,classroom_or_exam_context,D,phone_use,P,UNKNOWN,RF-screen-108,1
R4-final,classroom_attitude,classroom_or_exam_context,D,phone_use,P,UNKNOWN,RF-screen-109,1
R4-final,classroom_attitude,classroom_or_exam_context,D,phone_use,P,UNKNOWN,RF-screen-116,1
R4-final,classroom_attitude,classroom_or_exam_context,D,phone_use,P,UNKNOWN,RF-screen-120,1
R4-final,classroom_attitude,classroom_or_exam_context,D,phone_use,P,UNKNOWN,RF-screen-121,1
R4-final,classroom_attitude,classroom_or_exam_context,D,phone_use,P,UNKNOWN,RF-screen-123,1
R4-final,classroom_attitude,classroom_or_exam_context,D,phone_use,P,UNKNOWN,RF-screen-126,1
R4-final,classroom_attitude,classroom_or_exam_context,D,phone_use,P,UNKNOWN,RF-screen-129,1
R4-final,classroom_attitude,classroom_or_exam_context,D,phone_use,P,UNKNOWN,RF-screen-142,1
R4-final,classroom_attitude,classroom_or_exam_context,D,phone_use,P,UNKNOWN,RF-screen-155,1
R4-final,classroom_attitude,classroom_or_exam_context,D,phone_use,P,UNKNOWN,RF-screen-21,1
R4-final,classroom_attitude,classroom_or_exam_context,D,phone_use,P,UNKNOWN,RF-screen-3,1
R4-final,classroom_attitude,classroom_or_exam_context,D,phone_use,P,UNKNOWN,RF-screen-36,1
R4-final,classroom_attitude,classroom_or_exam_context,D,phone_use,P,UNKNOWN,RF-screen-4,1
R4-final,classroom_attitude,classroom_or_exam_context,D,phone_use,P,UNKNOWN,RF-screen-77,1
R4-final,classroom_attitude,classroom_or_exam_context,D,phone_use,U,UNKNOWN,RF-screen-11,1
R4-final,classroom_attitude,classroom_or_exam_context,D,phone_use,U,UNKNOWN,RF-screen-122,1
R4-final,classroom_attitude,classroom_or_exam_context,D,phone_use,U,UNKNOWN,RF-screen-135,1
R4-final,classroom_attitude,classroom_or_exam_context,D,phone_use,U,UNKNOWN,RF-screen-48,1
R4-final,classroom_attitude,classroom_or_exam_context,D,phone_use,U,UNKNOWN,RF-screen-81,1
R4-final,coco_2017_train,auxiliary_out_of_exam,A,looking_around,N,UNKNOWN,COCO-image-147172,1
R4-final,coco_2017_train,auxiliary_out_of_exam,A,looking_around,N,UNKNOWN,COCO-image-252998,1
R4-final,coco_2017_train,auxiliary_out_of_exam,A,looking_around,N,UNKNOWN,COCO2-image-208995,1
R4-final,coco_2017_train,auxiliary_out_of_exam,A,looking_around,N,UNKNOWN,COCO2-image-257421,1
R4-final,coco_2017_train,auxiliary_out_of_exam,A,looking_around,N,UNKNOWN,COCO2-image-322536,1
R4-final,coco_2017_train,auxiliary_out_of_exam,A,looking_around,N,UNKNOWN,COCO2-image-448958,1
R4-final,coco_2017_train,auxiliary_out_of_exam,A,looking_around,P,UNKNOWN,COCO-image-160708,1
R4-final,coco_2017_train,auxiliary_out_of_exam,A,looking_around,P,UNKNOWN,COCO-image-334813,1
R4-final,coco_2017_train,auxiliary_out_of_exam,A,looking_around,P,UNKNOWN,COCO-image-410980,1
R4-final,coco_2017_train,auxiliary_out_of_exam,A,looking_around,P,UNKNOWN,COCO-image-507438,1
R4-final,coco_2017_train,auxiliary_out_of_exam,A,looking_around,P,UNKNOWN,COCO-image-563793,1
R4-final,coco_2017_train,auxiliary_out_of_exam,A,looking_around,U,UNKNOWN,COCO-image-103427,1
R4-final,coco_2017_train,auxiliary_out_of_exam,A,looking_around,U,UNKNOWN,COCO-image-116405,1
R4-final,coco_2017_train,auxiliary_out_of_exam,A,looking_around,U,UNKNOWN,COCO-image-121613,1
R4-final,coco_2017_train,auxiliary_out_of_exam,A,looking_around,U,UNKNOWN,COCO-image-142481,1
R4-final,coco_2017_train,auxiliary_out_of_exam,A,looking_around,U,UNKNOWN,COCO-image-15644,1
R4-final,coco_2017_train,auxiliary_out_of_exam,A,looking_around,U,UNKNOWN,COCO-image-187001,1
R4-final,coco_2017_train,auxiliary_out_of_exam,A,looking_around,U,UNKNOWN,COCO-image-451324,1
R4-final,coco_2017_train,auxiliary_out_of_exam,A,looking_around,U,UNKNOWN,COCO-image-542027,1
R4-final,coco_2017_train,auxiliary_out_of_exam,A,looking_around,U,UNKNOWN,COCO3-image-246434,1
R4-final,coco_2017_train,auxiliary_out_of_exam,A,phone_use,N,UNKNOWN,COCO-image-147172,1
R4-final,coco_2017_train,auxiliary_out_of_exam,A,phone_use,N,UNKNOWN,COCO-image-252998,1
R4-final,coco_2017_train,auxiliary_out_of_exam,A,phone_use,N,UNKNOWN,COCO-image-507438,1
R4-final,coco_2017_train,auxiliary_out_of_exam,A,phone_use,N,UNKNOWN,COCO-image-563793,1
R4-final,coco_2017_train,auxiliary_out_of_exam,A,phone_use,N,UNKNOWN,COCO2-image-208995,1
R4-final,coco_2017_train,auxiliary_out_of_exam,A,phone_use,N,UNKNOWN,COCO2-image-257421,1
R4-final,coco_2017_train,auxiliary_out_of_exam,A,phone_use,N,UNKNOWN,COCO2-image-322536,1
R4-final,coco_2017_train,auxiliary_out_of_exam,A,phone_use,N,UNKNOWN,COCO2-image-448958,1
R4-final,coco_2017_train,auxiliary_out_of_exam,A,phone_use,P,UNKNOWN,COCO-image-103427,1
R4-final,coco_2017_train,auxiliary_out_of_exam,A,phone_use,P,UNKNOWN,COCO-image-116405,1
R4-final,coco_2017_train,auxiliary_out_of_exam,A,phone_use,P,UNKNOWN,COCO-image-121613,1
R4-final,coco_2017_train,auxiliary_out_of_exam,A,phone_use,P,UNKNOWN,COCO-image-142481,1
R4-final,coco_2017_train,auxiliary_out_of_exam,A,phone_use,P,UNKNOWN,COCO-image-15644,1
R4-final,coco_2017_train,auxiliary_out_of_exam,A,phone_use,P,UNKNOWN,COCO-image-160708,1
R4-final,coco_2017_train,auxiliary_out_of_exam,A,phone_use,P,UNKNOWN,COCO-image-187001,1
R4-final,coco_2017_train,auxiliary_out_of_exam,A,phone_use,P,UNKNOWN,COCO-image-334813,1
R4-final,coco_2017_train,auxiliary_out_of_exam,A,phone_use,P,UNKNOWN,COCO-image-410980,1
R4-final,coco_2017_train,auxiliary_out_of_exam,A,phone_use,P,UNKNOWN,COCO-image-451324,1
R4-final,coco_2017_train,auxiliary_out_of_exam,A,phone_use,P,UNKNOWN,COCO-image-542027,1
R4-final,coco_2017_train,auxiliary_out_of_exam,A,phone_use,P,UNKNOWN,COCO3-image-246434,1
R4-final,coco_2017_train,auxiliary_out_of_exam,B,looking_around,P,UNKNOWN,COCO3-image-544471,1
R4-final,coco_2017_train,auxiliary_out_of_exam,B,looking_around,U,UNKNOWN,COCO-image-56455,1
R4-final,coco_2017_train,auxiliary_out_of_exam,B,looking_around,U,UNKNOWN,COCO-image-97849,1
R4-final,coco_2017_train,auxiliary_out_of_exam,B,phone_use,P,UNKNOWN,COCO-image-56455,1
R4-final,coco_2017_train,auxiliary_out_of_exam,B,phone_use,P,UNKNOWN,COCO-image-97849,1
R4-final,coco_2017_train,auxiliary_out_of_exam,B,phone_use,U,UNKNOWN,COCO3-image-544471,1
R4-final,coco_2017_train,auxiliary_out_of_exam,C,looking_around,N,UNKNOWN,COCO2-image-200680,1
R4-final,coco_2017_train,auxiliary_out_of_exam,C,looking_around,N,UNKNOWN,COCO2-image-478845,1
R4-final,coco_2017_train,auxiliary_out_of_exam,C,looking_around,N,UNKNOWN,COCO2-image-494936,1
R4-final,coco_2017_train,auxiliary_out_of_exam,C,looking_around,N,UNKNOWN,COCO2-image-573819,1
R4-final,coco_2017_train,auxiliary_out_of_exam,C,looking_around,N,UNKNOWN,COCO2-image-94179,1
R4-final,coco_2017_train,auxiliary_out_of_exam,C,looking_around,P,UNKNOWN,COCO2-image-230436,1
R4-final,coco_2017_train,auxiliary_out_of_exam,C,looking_around,P,UNKNOWN,COCO2-image-388344,1
R4-final,coco_2017_train,auxiliary_out_of_exam,C,looking_around,P,UNKNOWN,COCO2-image-94179,1
R4-final,coco_2017_train,auxiliary_out_of_exam,C,looking_around,U,UNKNOWN,COCO2-image-230436,1
R4-final,coco_2017_train,auxiliary_out_of_exam,C,phone_use,U,UNKNOWN,COCO2-image-200680,1
R4-final,coco_2017_train,auxiliary_out_of_exam,C,phone_use,U,UNKNOWN,COCO2-image-230436,2
R4-final,coco_2017_train,auxiliary_out_of_exam,C,phone_use,U,UNKNOWN,COCO2-image-388344,1
R4-final,coco_2017_train,auxiliary_out_of_exam,C,phone_use,U,UNKNOWN,COCO2-image-478845,1
R4-final,coco_2017_train,auxiliary_out_of_exam,C,phone_use,U,UNKNOWN,COCO2-image-494936,1
R4-final,coco_2017_train,auxiliary_out_of_exam,C,phone_use,U,UNKNOWN,COCO2-image-573819,1
R4-final,coco_2017_train,auxiliary_out_of_exam,C,phone_use,U,UNKNOWN,COCO2-image-94179,2
R4-final,coco_2017_train,auxiliary_out_of_exam,D,looking_around,U,UNKNOWN,COCO3-image-188040,1
R4-final,coco_2017_train,auxiliary_out_of_exam,D,looking_around,U,UNKNOWN,COCO3-image-20781,1
R4-final,coco_2017_train,auxiliary_out_of_exam,D,looking_around,U,UNKNOWN,COCO3-image-211420,1
R4-final,coco_2017_train,auxiliary_out_of_exam,D,looking_around,U,UNKNOWN,COCO3-image-218715,1
R4-final,coco_2017_train,auxiliary_out_of_exam,D,looking_around,U,UNKNOWN,COCO3-image-267815,1
R4-final,coco_2017_train,auxiliary_out_of_exam,D,looking_around,U,UNKNOWN,COCO3-image-360811,1
R4-final,coco_2017_train,auxiliary_out_of_exam,D,looking_around,U,UNKNOWN,COCO3-image-407806,1
R4-final,coco_2017_train,auxiliary_out_of_exam,D,phone_use,P,UNKNOWN,COCO3-image-188040,1
R4-final,coco_2017_train,auxiliary_out_of_exam,D,phone_use,P,UNKNOWN,COCO3-image-20781,1
R4-final,coco_2017_train,auxiliary_out_of_exam,D,phone_use,P,UNKNOWN,COCO3-image-211420,1
R4-final,coco_2017_train,auxiliary_out_of_exam,D,phone_use,P,UNKNOWN,COCO3-image-218715,1
R4-final,coco_2017_train,auxiliary_out_of_exam,D,phone_use,P,UNKNOWN,COCO3-image-267815,1
R4-final,coco_2017_train,auxiliary_out_of_exam,D,phone_use,P,UNKNOWN,COCO3-image-407806,1
R4-final,coco_2017_train,auxiliary_out_of_exam,D,phone_use,U,UNKNOWN,COCO3-image-360811,1
R4-final,exam_cheating_keaor,classroom_or_exam_context,C,looking_around,N,UNKNOWN,RF-screen-277,1
R4-final,exam_cheating_keaor,classroom_or_exam_context,C,looking_around,P,UNKNOWN,RF-screen-224,1
R4-final,exam_cheating_keaor,classroom_or_exam_context,C,phone_use,U,UNKNOWN,RF-screen-224,1
R4-final,exam_cheating_keaor,classroom_or_exam_context,C,phone_use,U,UNKNOWN,RF-screen-277,1
R4-final,openimages_train_prefix,auxiliary_out_of_exam,A,looking_around,N,UNKNOWN,OI-image-0bcfd3520c92a518,1
R4-final,openimages_train_prefix,auxiliary_out_of_exam,A,looking_around,N,UNKNOWN,OI-image-1ecc74ea1d40533d,1
R4-final,openimages_train_prefix,auxiliary_out_of_exam,A,looking_around,N,UNKNOWN,OI3-image-0b23a339e9f3e9f9,1
R4-final,openimages_train_prefix,auxiliary_out_of_exam,A,looking_around,N,UNKNOWN,OI3-image-10b5984e63fe4e0e,1
R4-final,openimages_train_prefix,auxiliary_out_of_exam,A,looking_around,N,UNKNOWN,OI3-image-124353c9c0b3742f,1
R4-final,openimages_train_prefix,auxiliary_out_of_exam,A,looking_around,N,UNKNOWN,OI3-image-12d0710e82f45e9d,1
R4-final,openimages_train_prefix,auxiliary_out_of_exam,A,looking_around,N,UNKNOWN,OI3-image-135f4c9e712648af,1
R4-final,openimages_train_prefix,auxiliary_out_of_exam,A,looking_around,N,UNKNOWN,OI4-image-093cd5ff30cc3211,1
R4-final,openimages_train_prefix,auxiliary_out_of_exam,A,looking_around,N,UNKNOWN,OI4-image-0ba60d6ca81b3772,1
R4-final,openimages_train_prefix,auxiliary_out_of_exam,A,looking_around,P,UNKNOWN,OI-image-02ec1f0836bd6d3c,1
R4-final,openimages_train_prefix,auxiliary_out_of_exam,A,looking_around,P,UNKNOWN,OI3-image-0b12a350f65e3c57,1
R4-final,openimages_train_prefix,auxiliary_out_of_exam,A,looking_around,P,UNKNOWN,OI3-image-163fbc1bc335e714,1
R4-final,openimages_train_prefix,auxiliary_out_of_exam,A,looking_around,P,UNKNOWN,OI4-image-0ef81e4e4794a34b,1
R4-final,openimages_train_prefix,auxiliary_out_of_exam,A,looking_around,P,UNKNOWN,OI4-image-1b15c81f9c342cea,1
R4-final,openimages_train_prefix,auxiliary_out_of_exam,A,looking_around,U,UNKNOWN,OI-image-11fb5266e3700719,1
R4-final,openimages_train_prefix,auxiliary_out_of_exam,A,looking_around,U,UNKNOWN,OI-image-16820791e1376950,1
R4-final,openimages_train_prefix,auxiliary_out_of_exam,A,looking_around,U,UNKNOWN,OI-image-197c2ef481c39f41,1
R4-final,openimages_train_prefix,auxiliary_out_of_exam,A,looking_around,U,UNKNOWN,OI-image-1cc075f16a5b6e70,1
R4-final,openimages_train_prefix,auxiliary_out_of_exam,A,looking_around,U,UNKNOWN,OI3-image-06ff655145b3c7f4,1
R4-final,openimages_train_prefix,auxiliary_out_of_exam,A,looking_around,U,UNKNOWN,OI3-image-0704e414fc458410,1
R4-final,openimages_train_prefix,auxiliary_out_of_exam,A,looking_around,U,UNKNOWN,OI3-image-129edf3e1ad7e93d,1
R4-final,openimages_train_prefix,auxiliary_out_of_exam,A,looking_around,U,UNKNOWN,OI4-image-08f00b7676e32dcc,1
R4-final,openimages_train_prefix,auxiliary_out_of_exam,A,looking_around,U,UNKNOWN,OI4-image-1013b88a66eaed41,1
R4-final,openimages_train_prefix,auxiliary_out_of_exam,A,looking_around,U,UNKNOWN,OI4-image-17051ce4cb9e31aa,1
R4-final,openimages_train_prefix,auxiliary_out_of_exam,A,looking_around,U,UNKNOWN,OI4-image-178bf941ff675747,1
R4-final,openimages_train_prefix,auxiliary_out_of_exam,A,phone_use,N,UNKNOWN,OI-image-0bcfd3520c92a518,1
R4-final,openimages_train_prefix,auxiliary_out_of_exam,A,phone_use,N,UNKNOWN,OI-image-16820791e1376950,1
R4-final,openimages_train_prefix,auxiliary_out_of_exam,A,phone_use,N,UNKNOWN,OI-image-197c2ef481c39f41,1
R4-final,openimages_train_prefix,auxiliary_out_of_exam,A,phone_use,N,UNKNOWN,OI-image-1ecc74ea1d40533d,1
R4-final,openimages_train_prefix,auxiliary_out_of_exam,A,phone_use,N,UNKNOWN,OI3-image-0b23a339e9f3e9f9,1
R4-final,openimages_train_prefix,auxiliary_out_of_exam,A,phone_use,N,UNKNOWN,OI3-image-10b5984e63fe4e0e,1
R4-final,openimages_train_prefix,auxiliary_out_of_exam,A,phone_use,N,UNKNOWN,OI3-image-124353c9c0b3742f,1
R4-final,openimages_train_prefix,auxiliary_out_of_exam,A,phone_use,N,UNKNOWN,OI3-image-12d0710e82f45e9d,1
R4-final,openimages_train_prefix,auxiliary_out_of_exam,A,phone_use,N,UNKNOWN,OI3-image-135f4c9e712648af,1
R4-final,openimages_train_prefix,auxiliary_out_of_exam,A,phone_use,N,UNKNOWN,OI4-image-093cd5ff30cc3211,1
R4-final,openimages_train_prefix,auxiliary_out_of_exam,A,phone_use,N,UNKNOWN,OI4-image-0ba60d6ca81b3772,1
R4-final,openimages_train_prefix,auxiliary_out_of_exam,A,phone_use,P,UNKNOWN,OI-image-02ec1f0836bd6d3c,1
R4-final,openimages_train_prefix,auxiliary_out_of_exam,A,phone_use,P,UNKNOWN,OI-image-11fb5266e3700719,1
R4-final,openimages_train_prefix,auxiliary_out_of_exam,A,phone_use,P,UNKNOWN,OI-image-1cc075f16a5b6e70,1
R4-final,openimages_train_prefix,auxiliary_out_of_exam,A,phone_use,P,UNKNOWN,OI3-image-06ff655145b3c7f4,1
R4-final,openimages_train_prefix,auxiliary_out_of_exam,A,phone_use,P,UNKNOWN,OI3-image-0704e414fc458410,1
R4-final,openimages_train_prefix,auxiliary_out_of_exam,A,phone_use,P,UNKNOWN,OI3-image-0b12a350f65e3c57,1
R4-final,openimages_train_prefix,auxiliary_out_of_exam,A,phone_use,P,UNKNOWN,OI3-image-129edf3e1ad7e93d,1
R4-final,openimages_train_prefix,auxiliary_out_of_exam,A,phone_use,P,UNKNOWN,OI3-image-163fbc1bc335e714,1
R4-final,openimages_train_prefix,auxiliary_out_of_exam,A,phone_use,P,UNKNOWN,OI4-image-08f00b7676e32dcc,1
R4-final,openimages_train_prefix,auxiliary_out_of_exam,A,phone_use,P,UNKNOWN,OI4-image-0ef81e4e4794a34b,1
R4-final,openimages_train_prefix,auxiliary_out_of_exam,A,phone_use,P,UNKNOWN,OI4-image-1013b88a66eaed41,1
R4-final,openimages_train_prefix,auxiliary_out_of_exam,A,phone_use,P,UNKNOWN,OI4-image-17051ce4cb9e31aa,1
R4-final,openimages_train_prefix,auxiliary_out_of_exam,A,phone_use,P,UNKNOWN,OI4-image-178bf941ff675747,1
R4-final,openimages_train_prefix,auxiliary_out_of_exam,A,phone_use,P,UNKNOWN,OI4-image-1b15c81f9c342cea,1
R4-final,openimages_train_prefix,auxiliary_out_of_exam,B,looking_around,N,UNKNOWN,OI3-image-000f186681cac78d,1
R4-final,openimages_train_prefix,auxiliary_out_of_exam,B,looking_around,N,UNKNOWN,OI3-image-075f532008242818,1
R4-final,openimages_train_prefix,auxiliary_out_of_exam,B,looking_around,N,UNKNOWN,OI3-image-0cedfe2996e86ed5,1
R4-final,openimages_train_prefix,auxiliary_out_of_exam,B,looking_around,N,UNKNOWN,OI3-image-10cbbd2c9c745068,1
R4-final,openimages_train_prefix,auxiliary_out_of_exam,B,looking_around,N,UNKNOWN,OI3-image-12373ba9fbc59a44,1
R4-final,openimages_train_prefix,auxiliary_out_of_exam,B,looking_around,N,UNKNOWN,OI3-image-1472448436b9869b,1
R4-final,openimages_train_prefix,auxiliary_out_of_exam,B,looking_around,N,UNKNOWN,OI3-image-14e2f2b108ebdab4,1
R4-final,openimages_train_prefix,auxiliary_out_of_exam,B,looking_around,N,UNKNOWN,OI4-image-003334500cdd78c1,1
R4-final,openimages_train_prefix,auxiliary_out_of_exam,B,looking_around,N,UNKNOWN,OI4-image-025ae13a1dc43acc,1
R4-final,openimages_train_prefix,auxiliary_out_of_exam,B,looking_around,N,UNKNOWN,OI4-image-0921c5617e165913,1
R4-final,openimages_train_prefix,auxiliary_out_of_exam,B,looking_around,N,UNKNOWN,OI4-image-1440aac5aded454c,1
R4-final,openimages_train_prefix,auxiliary_out_of_exam,B,looking_around,P,UNKNOWN,OI3-image-01d67c6f223705c6,1
R4-final,openimages_train_prefix,auxiliary_out_of_exam,B,looking_around,P,UNKNOWN,OI3-image-03a641b9e5d32ec4,1
R4-final,openimages_train_prefix,auxiliary_out_of_exam,B,looking_around,P,UNKNOWN,OI3-image-146b06768299d7cf,1
R4-final,openimages_train_prefix,auxiliary_out_of_exam,B,looking_around,P,UNKNOWN,OI4-image-0f5e299b0f6b3ddc,1
R4-final,openimages_train_prefix,auxiliary_out_of_exam,B,looking_around,U,UNKNOWN,OI-image-0010383f11a3d639,1
R4-final,openimages_train_prefix,auxiliary_out_of_exam,B,looking_around,U,UNKNOWN,OI-image-001a064f84f98c59,1
R4-final,openimages_train_prefix,auxiliary_out_of_exam,B,looking_around,U,UNKNOWN,OI-image-00209998b801428e,1
R4-final,openimages_train_prefix,auxiliary_out_of_exam,B,looking_around,U,UNKNOWN,OI-image-04903c673ec80166,1
R4-final,openimages_train_prefix,auxiliary_out_of_exam,B,looking_around,U,UNKNOWN,OI-image-0769fb5e8b237eb9,1
R4-final,openimages_train_prefix,auxiliary_out_of_exam,B,looking_around,U,UNKNOWN,OI-image-0a4694b85a31aa05,1
R4-final,openimages_train_prefix,auxiliary_out_of_exam,B,looking_around,U,UNKNOWN,OI-image-0ebee4133320f53b,1
R4-final,openimages_train_prefix,auxiliary_out_of_exam,B,looking_around,U,UNKNOWN,OI-image-14b052e70f9ec007,1
R4-final,openimages_train_prefix,auxiliary_out_of_exam,B,looking_around,U,UNKNOWN,OI-image-1c20eedd8864fb96,1
R4-final,openimages_train_prefix,auxiliary_out_of_exam,B,looking_around,U,UNKNOWN,OI3-image-01979849acc27462,1
R4-final,openimages_train_prefix,auxiliary_out_of_exam,B,looking_around,U,UNKNOWN,OI4-image-14120d6c7e0aa9df,1
R4-final,openimages_train_prefix,auxiliary_out_of_exam,B,looking_around,U,UNKNOWN,OI4-image-176e818726406a46,1
R4-final,openimages_train_prefix,auxiliary_out_of_exam,B,phone_use,N,UNKNOWN,OI-image-0ebee4133320f53b,1
R4-final,openimages_train_prefix,auxiliary_out_of_exam,B,phone_use,N,UNKNOWN,OI3-image-01979849acc27462,1
R4-final,openimages_train_prefix,auxiliary_out_of_exam,B,phone_use,N,UNKNOWN,OI3-image-01d67c6f223705c6,1
R4-final,openimages_train_prefix,auxiliary_out_of_exam,B,phone_use,N,UNKNOWN,OI3-image-03a641b9e5d32ec4,1
R4-final,openimages_train_prefix,auxiliary_out_of_exam,B,phone_use,N,UNKNOWN,OI3-image-0cedfe2996e86ed5,1
R4-final,openimages_train_prefix,auxiliary_out_of_exam,B,phone_use,N,UNKNOWN,OI3-image-10cbbd2c9c745068,1
R4-final,openimages_train_prefix,auxiliary_out_of_exam,B,phone_use,N,UNKNOWN,OI3-image-12373ba9fbc59a44,1
R4-final,openimages_train_prefix,auxiliary_out_of_exam,B,phone_use,N,UNKNOWN,OI3-image-146b06768299d7cf,1
R4-final,openimages_train_prefix,auxiliary_out_of_exam,B,phone_use,N,UNKNOWN,OI3-image-1472448436b9869b,1
R4-final,openimages_train_prefix,auxiliary_out_of_exam,B,phone_use,N,UNKNOWN,OI3-image-14e2f2b108ebdab4,1
R4-final,openimages_train_prefix,auxiliary_out_of_exam,B,phone_use,N,UNKNOWN,OI4-image-003334500cdd78c1,1
R4-final,openimages_train_prefix,auxiliary_out_of_exam,B,phone_use,N,UNKNOWN,OI4-image-025ae13a1dc43acc,1
R4-final,openimages_train_prefix,auxiliary_out_of_exam,B,phone_use,N,UNKNOWN,OI4-image-0921c5617e165913,1
R4-final,openimages_train_prefix,auxiliary_out_of_exam,B,phone_use,N,UNKNOWN,OI4-image-0f5e299b0f6b3ddc,1
R4-final,openimages_train_prefix,auxiliary_out_of_exam,B,phone_use,N,UNKNOWN,OI4-image-14120d6c7e0aa9df,1
R4-final,openimages_train_prefix,auxiliary_out_of_exam,B,phone_use,N,UNKNOWN,OI4-image-1440aac5aded454c,1
R4-final,openimages_train_prefix,auxiliary_out_of_exam,B,phone_use,N,UNKNOWN,OI4-image-176e818726406a46,1
R4-final,openimages_train_prefix,auxiliary_out_of_exam,B,phone_use,P,UNKNOWN,OI-image-0010383f11a3d639,1
R4-final,openimages_train_prefix,auxiliary_out_of_exam,B,phone_use,P,UNKNOWN,OI-image-00209998b801428e,1
R4-final,openimages_train_prefix,auxiliary_out_of_exam,B,phone_use,P,UNKNOWN,OI-image-04903c673ec80166,1
R4-final,openimages_train_prefix,auxiliary_out_of_exam,B,phone_use,P,UNKNOWN,OI-image-0769fb5e8b237eb9,1
R4-final,openimages_train_prefix,auxiliary_out_of_exam,B,phone_use,P,UNKNOWN,OI-image-14b052e70f9ec007,1
R4-final,openimages_train_prefix,auxiliary_out_of_exam,B,phone_use,P,UNKNOWN,OI-image-1c20eedd8864fb96,1
R4-final,openimages_train_prefix,auxiliary_out_of_exam,B,phone_use,U,UNKNOWN,OI-image-001a064f84f98c59,1
R4-final,openimages_train_prefix,auxiliary_out_of_exam,B,phone_use,U,UNKNOWN,OI-image-0a4694b85a31aa05,1
R4-final,openimages_train_prefix,auxiliary_out_of_exam,B,phone_use,U,UNKNOWN,OI3-image-000f186681cac78d,1
R4-final,openimages_train_prefix,auxiliary_out_of_exam,B,phone_use,U,UNKNOWN,OI3-image-075f532008242818,1
R4-final,openimages_train_prefix,auxiliary_out_of_exam,C,looking_around,N,UNKNOWN,OI-image-02824f0ef9c9fc1d,1
R4-final,openimages_train_prefix,auxiliary_out_of_exam,C,looking_around,N,UNKNOWN,OI-image-0657ac512522fee2,1
R4-final,openimages_train_prefix,auxiliary_out_of_exam,C,looking_around,N,UNKNOWN,OI-image-0bb990998654714a,1
R4-final,openimages_train_prefix,auxiliary_out_of_exam,C,looking_around,N,UNKNOWN,OI-image-1ab082a46a09980a,1
R4-final,openimages_train_prefix,auxiliary_out_of_exam,C,looking_around,N,UNKNOWN,OI3-image-020093783b9a0d05,1
R4-final,openimages_train_prefix,auxiliary_out_of_exam,C,looking_around,N,UNKNOWN,OI3-image-03c9befccca6d69f,1
R4-final,openimages_train_prefix,auxiliary_out_of_exam,C,looking_around,N,UNKNOWN,OI3-image-07fe7744cfd55589,1
R4-final,openimages_train_prefix,auxiliary_out_of_exam,C,looking_around,N,UNKNOWN,OI3-image-0ea258cfc19edbe8,1
R4-final,openimages_train_prefix,auxiliary_out_of_exam,C,looking_around,N,UNKNOWN,OI3-image-146b06768299d7cf,1
R4-final,openimages_train_prefix,auxiliary_out_of_exam,C,looking_around,N,UNKNOWN,OI3-image-19cd55f8bd5f121d,1
R4-final,openimages_train_prefix,auxiliary_out_of_exam,C,looking_around,N,UNKNOWN,OI3-image-1a78d1bf6fa31659,1
R4-final,openimages_train_prefix,auxiliary_out_of_exam,C,looking_around,N,UNKNOWN,OI3-image-1de51302f3762022,1
R4-final,openimages_train_prefix,auxiliary_out_of_exam,C,looking_around,N,UNKNOWN,OI4-image-0020d920ddaeec76,1
R4-final,openimages_train_prefix,auxiliary_out_of_exam,C,looking_around,N,UNKNOWN,OI4-image-04db7181cb6769ec,1
R4-final,openimages_train_prefix,auxiliary_out_of_exam,C,looking_around,N,UNKNOWN,OI4-image-084f66accbc675ae,1
R4-final,openimages_train_prefix,auxiliary_out_of_exam,C,looking_around,N,UNKNOWN,OI4-image-08f00b7676e32dcc,1
R4-final,openimages_train_prefix,auxiliary_out_of_exam,C,looking_around,N,UNKNOWN,OI4-image-093cd5ff30cc3211,1
R4-final,openimages_train_prefix,auxiliary_out_of_exam,C,looking_around,N,UNKNOWN,OI4-image-19dba4364675dd62,1
R4-final,openimages_train_prefix,auxiliary_out_of_exam,C,looking_around,N,UNKNOWN,OI4-image-1d1c43c175a43146,1
R4-final,openimages_train_prefix,auxiliary_out_of_exam,C,looking_around,P,UNKNOWN,OI-image-00af2c7d2386b4e6,1
R4-final,openimages_train_prefix,auxiliary_out_of_exam,C,looking_around,P,UNKNOWN,OI-image-020af79719c39238,1
R4-final,openimages_train_prefix,auxiliary_out_of_exam,C,looking_around,P,UNKNOWN,OI-image-0859600a05027ce5,1
R4-final,openimages_train_prefix,auxiliary_out_of_exam,C,looking_around,P,UNKNOWN,OI-image-0ce21d0e54cbc24f,1
R4-final,openimages_train_prefix,auxiliary_out_of_exam,C,looking_around,P,UNKNOWN,OI-image-1ddc1d973a4d1f52,1
R4-final,openimages_train_prefix,auxiliary_out_of_exam,C,looking_around,P,UNKNOWN,OI3-image-01933ab305f3311f,1
R4-final,openimages_train_prefix,auxiliary_out_of_exam,C,looking_around,P,UNKNOWN,OI3-image-08c90260cf025c0e,1
R4-final,openimages_train_prefix,auxiliary_out_of_exam,C,looking_around,P,UNKNOWN,OI3-image-1495b578dd5d7479,1
R4-final,openimages_train_prefix,auxiliary_out_of_exam,C,looking_around,P,UNKNOWN,OI4-image-020bc26e3593a415,1
R4-final,openimages_train_prefix,auxiliary_out_of_exam,C,looking_around,P,UNKNOWN,OI4-image-0448a2b6a0d3d4b4,1
R4-final,openimages_train_prefix,auxiliary_out_of_exam,C,phone_use,N,UNKNOWN,OI3-image-03c9befccca6d69f,1
R4-final,openimages_train_prefix,auxiliary_out_of_exam,C,phone_use,N,UNKNOWN,OI3-image-1a78d1bf6fa31659,1
R4-final,openimages_train_prefix,auxiliary_out_of_exam,C,phone_use,U,UNKNOWN,OI-image-00af2c7d2386b4e6,1
R4-final,openimages_train_prefix,auxiliary_out_of_exam,C,phone_use,U,UNKNOWN,OI-image-020af79719c39238,1
R4-final,openimages_train_prefix,auxiliary_out_of_exam,C,phone_use,U,UNKNOWN,OI-image-02824f0ef9c9fc1d,1
R4-final,openimages_train_prefix,auxiliary_out_of_exam,C,phone_use,U,UNKNOWN,OI-image-0657ac512522fee2,1
R4-final,openimages_train_prefix,auxiliary_out_of_exam,C,phone_use,U,UNKNOWN,OI-image-0859600a05027ce5,1
R4-final,openimages_train_prefix,auxiliary_out_of_exam,C,phone_use,U,UNKNOWN,OI-image-0bb990998654714a,1
R4-final,openimages_train_prefix,auxiliary_out_of_exam,C,phone_use,U,UNKNOWN,OI-image-0ce21d0e54cbc24f,1
R4-final,openimages_train_prefix,auxiliary_out_of_exam,C,phone_use,U,UNKNOWN,OI-image-1ab082a46a09980a,1
R4-final,openimages_train_prefix,auxiliary_out_of_exam,C,phone_use,U,UNKNOWN,OI-image-1ddc1d973a4d1f52,1
R4-final,openimages_train_prefix,auxiliary_out_of_exam,C,phone_use,U,UNKNOWN,OI3-image-01933ab305f3311f,1
R4-final,openimages_train_prefix,auxiliary_out_of_exam,C,phone_use,U,UNKNOWN,OI3-image-020093783b9a0d05,1
R4-final,openimages_train_prefix,auxiliary_out_of_exam,C,phone_use,U,UNKNOWN,OI3-image-07fe7744cfd55589,1
R4-final,openimages_train_prefix,auxiliary_out_of_exam,C,phone_use,U,UNKNOWN,OI3-image-08c90260cf025c0e,1
R4-final,openimages_train_prefix,auxiliary_out_of_exam,C,phone_use,U,UNKNOWN,OI3-image-0ea258cfc19edbe8,1
R4-final,openimages_train_prefix,auxiliary_out_of_exam,C,phone_use,U,UNKNOWN,OI3-image-146b06768299d7cf,1
R4-final,openimages_train_prefix,auxiliary_out_of_exam,C,phone_use,U,UNKNOWN,OI3-image-1495b578dd5d7479,1
R4-final,openimages_train_prefix,auxiliary_out_of_exam,C,phone_use,U,UNKNOWN,OI3-image-19cd55f8bd5f121d,1
R4-final,openimages_train_prefix,auxiliary_out_of_exam,C,phone_use,U,UNKNOWN,OI3-image-1de51302f3762022,1
R4-final,openimages_train_prefix,auxiliary_out_of_exam,C,phone_use,U,UNKNOWN,OI4-image-0020d920ddaeec76,1
R4-final,openimages_train_prefix,auxiliary_out_of_exam,C,phone_use,U,UNKNOWN,OI4-image-020bc26e3593a415,1
R4-final,openimages_train_prefix,auxiliary_out_of_exam,C,phone_use,U,UNKNOWN,OI4-image-0448a2b6a0d3d4b4,1
R4-final,openimages_train_prefix,auxiliary_out_of_exam,C,phone_use,U,UNKNOWN,OI4-image-04db7181cb6769ec,1
R4-final,openimages_train_prefix,auxiliary_out_of_exam,C,phone_use,U,UNKNOWN,OI4-image-084f66accbc675ae,1
R4-final,openimages_train_prefix,auxiliary_out_of_exam,C,phone_use,U,UNKNOWN,OI4-image-08f00b7676e32dcc,1
R4-final,openimages_train_prefix,auxiliary_out_of_exam,C,phone_use,U,UNKNOWN,OI4-image-093cd5ff30cc3211,1
R4-final,openimages_train_prefix,auxiliary_out_of_exam,C,phone_use,U,UNKNOWN,OI4-image-19dba4364675dd62,1
R4-final,openimages_train_prefix,auxiliary_out_of_exam,C,phone_use,U,UNKNOWN,OI4-image-1d1c43c175a43146,1
R4-final,openimages_train_prefix,auxiliary_out_of_exam,D,looking_around,N,UNKNOWN,OI3-image-188590ba5240110a,1
R4-final,openimages_train_prefix,auxiliary_out_of_exam,D,looking_around,N,UNKNOWN,OI4-image-003334500cdd78c1,1
R4-final,openimages_train_prefix,auxiliary_out_of_exam,D,looking_around,N,UNKNOWN,OI4-image-08f00b7676e32dcc,1
R4-final,openimages_train_prefix,auxiliary_out_of_exam,D,looking_around,N,UNKNOWN,OI4-image-0d95a16f4b721523,1
R4-final,openimages_train_prefix,auxiliary_out_of_exam,D,looking_around,N,UNKNOWN,OI4-image-1013b88a66eaed41,1
R4-final,openimages_train_prefix,auxiliary_out_of_exam,D,looking_around,N,UNKNOWN,OI4-image-195d50f2a8b693f7,1
R4-final,openimages_train_prefix,auxiliary_out_of_exam,D,looking_around,U,UNKNOWN,OI3-image-06ff655145b3c7f4,1
R4-final,openimages_train_prefix,auxiliary_out_of_exam,D,looking_around,U,UNKNOWN,OI3-image-07b533661ede7e50,1
R4-final,openimages_train_prefix,auxiliary_out_of_exam,D,looking_around,U,UNKNOWN,OI3-image-0f384b76033e2456,1
R4-final,openimages_train_prefix,auxiliary_out_of_exam,D,looking_around,U,UNKNOWN,OI4-image-00100b721367c708,2
R4-final,openimages_train_prefix,auxiliary_out_of_exam,D,phone_use,P,UNKNOWN,OI3-image-06ff655145b3c7f4,1
R4-final,openimages_train_prefix,auxiliary_out_of_exam,D,phone_use,P,UNKNOWN,OI3-image-07b533661ede7e50,1
R4-final,openimages_train_prefix,auxiliary_out_of_exam,D,phone_use,P,UNKNOWN,OI3-image-0f384b76033e2456,1
R4-final,openimages_train_prefix,auxiliary_out_of_exam,D,phone_use,P,UNKNOWN,OI4-image-00100b721367c708,2
R4-final,openimages_train_prefix,auxiliary_out_of_exam,D,phone_use,P,UNKNOWN,OI4-image-1013b88a66eaed41,1
R4-final,openimages_train_prefix,auxiliary_out_of_exam,D,phone_use,U,UNKNOWN,OI3-image-188590ba5240110a,1
R4-final,openimages_train_prefix,auxiliary_out_of_exam,D,phone_use,U,UNKNOWN,OI4-image-003334500cdd78c1,1
R4-final,openimages_train_prefix,auxiliary_out_of_exam,D,phone_use,U,UNKNOWN,OI4-image-08f00b7676e32dcc,1
R4-final,openimages_train_prefix,auxiliary_out_of_exam,D,phone_use,U,UNKNOWN,OI4-image-0d95a16f4b721523,1
R4-final,openimages_train_prefix,auxiliary_out_of_exam,D,phone_use,U,UNKNOWN,OI4-image-195d50f2a8b693f7,1
R4-final,roboflow_v1,classroom_or_exam_context,A,looking_around,N,UNKNOWN,RF-screen-260,1
R4-final,roboflow_v1,classroom_or_exam_context,A,looking_around,N,UNKNOWN,RF-screen-263,1
R4-final,roboflow_v1,classroom_or_exam_context,A,looking_around,N,UNKNOWN,RF-screen-266,1
R4-final,roboflow_v1,classroom_or_exam_context,A,looking_around,N,UNKNOWN,RF-screen-296,1
R4-final,roboflow_v1,classroom_or_exam_context,A,looking_around,P,UNKNOWN,V7-MERGED-753ca734366e,1
R4-final,roboflow_v1,classroom_or_exam_context,A,phone_use,N,UNKNOWN,RF-screen-260,1
R4-final,roboflow_v1,classroom_or_exam_context,A,phone_use,N,UNKNOWN,RF-screen-263,1
R4-final,roboflow_v1,classroom_or_exam_context,A,phone_use,N,UNKNOWN,RF-screen-266,1
R4-final,roboflow_v1,classroom_or_exam_context,A,phone_use,N,UNKNOWN,RF-screen-296,1
R4-final,roboflow_v1,classroom_or_exam_context,A,phone_use,N,UNKNOWN,V7-MERGED-753ca734366e,1
R4-final,roboflow_v1,classroom_or_exam_context,B,looking_around,N,UNKNOWN,RF-screen-251,1
R4-final,roboflow_v1,classroom_or_exam_context,B,looking_around,N,UNKNOWN,RF-screen-268,1
R4-final,roboflow_v1,classroom_or_exam_context,B,looking_around,N,UNKNOWN,RF-screen-284,1
R4-final,roboflow_v1,classroom_or_exam_context,B,looking_around,U,UNKNOWN,RF-screen-268,1
R4-final,roboflow_v1,classroom_or_exam_context,B,phone_use,N,UNKNOWN,RF-screen-251,1
R4-final,roboflow_v1,classroom_or_exam_context,B,phone_use,N,UNKNOWN,RF-screen-268,1
R4-final,roboflow_v1,classroom_or_exam_context,B,phone_use,N,UNKNOWN,RF-screen-284,1
R4-final,roboflow_v1,classroom_or_exam_context,B,phone_use,U,UNKNOWN,RF-screen-268,1
R4-final,roboflow_v1,classroom_or_exam_context,C,looking_around,N,UNKNOWN,RF-screen-168,1
R4-final,roboflow_v1,classroom_or_exam_context,C,looking_around,N,UNKNOWN,RF-screen-242,1
R4-final,roboflow_v1,classroom_or_exam_context,C,looking_around,P,UNKNOWN,RF-screen-161,1
R4-final,roboflow_v1,classroom_or_exam_context,C,looking_around,P,UNKNOWN,RF-screen-164,1
R4-final,roboflow_v1,classroom_or_exam_context,C,looking_around,P,UNKNOWN,RF-screen-166,1
R4-final,roboflow_v1,classroom_or_exam_context,C,looking_around,P,UNKNOWN,RF-screen-168,1
R4-final,roboflow_v1,classroom_or_exam_context,C,looking_around,P,UNKNOWN,RF-screen-177,1
R4-final,roboflow_v1,classroom_or_exam_context,C,looking_around,P,UNKNOWN,RF-screen-202,2
R4-final,roboflow_v1,classroom_or_exam_context,C,looking_around,P,UNKNOWN,RF-screen-218,1
R4-final,roboflow_v1,classroom_or_exam_context,C,looking_around,P,UNKNOWN,RF-screen-234,1
R4-final,roboflow_v1,classroom_or_exam_context,C,looking_around,P,UNKNOWN,RF-screen-237,1
R4-final,roboflow_v1,classroom_or_exam_context,C,looking_around,P,UNKNOWN,RF-screen-242,1
R4-final,roboflow_v1,classroom_or_exam_context,C,looking_around,U,UNKNOWN,RF-screen-177,1
R4-final,roboflow_v1,classroom_or_exam_context,C,phone_use,U,UNKNOWN,RF-screen-161,1
R4-final,roboflow_v1,classroom_or_exam_context,C,phone_use,U,UNKNOWN,RF-screen-164,1
R4-final,roboflow_v1,classroom_or_exam_context,C,phone_use,U,UNKNOWN,RF-screen-166,1
R4-final,roboflow_v1,classroom_or_exam_context,C,phone_use,U,UNKNOWN,RF-screen-168,2
R4-final,roboflow_v1,classroom_or_exam_context,C,phone_use,U,UNKNOWN,RF-screen-177,2
R4-final,roboflow_v1,classroom_or_exam_context,C,phone_use,U,UNKNOWN,RF-screen-202,2
R4-final,roboflow_v1,classroom_or_exam_context,C,phone_use,U,UNKNOWN,RF-screen-218,1
R4-final,roboflow_v1,classroom_or_exam_context,C,phone_use,U,UNKNOWN,RF-screen-234,1
R4-final,roboflow_v1,classroom_or_exam_context,C,phone_use,U,UNKNOWN,RF-screen-237,1
R4-final,roboflow_v1,classroom_or_exam_context,C,phone_use,U,UNKNOWN,RF-screen-242,2
R4-final,scb_head,classroom_or_exam_context,C,looking_around,N,UNKNOWN,PARENT-TRAIN-PB-G-7adf3e797f0d4d4978d9,1
R4-final,scb_head,classroom_or_exam_context,C,looking_around,N,UNKNOWN,SCB-prefix-149,1
R4-final,scb_head,classroom_or_exam_context,C,looking_around,N,UNKNOWN,SCB-prefix-23,2
R4-final,scb_head,classroom_or_exam_context,C,looking_around,P,UNKNOWN,PARENT-TRAIN-PB-G-18b53fda4c21055b08af,1
R4-final,scb_head,classroom_or_exam_context,C,looking_around,P,UNKNOWN,PARENT-TRAIN-PB-G-7adf3e797f0d4d4978d9,2
R4-final,scb_head,classroom_or_exam_context,C,looking_around,P,UNKNOWN,PARENT-TRAIN-PB-G-f0b75b5ac12d58228355,4
R4-final,scb_head,classroom_or_exam_context,C,looking_around,P,UNKNOWN,PARENT-TRAIN-V6-G-666a2ea0ed4f708dbff2,1
R4-final,scb_head,classroom_or_exam_context,C,looking_around,P,UNKNOWN,PARENT-TRAIN-V6-G-6af358955ba8ec5f1bd9,1
R4-final,scb_head,classroom_or_exam_context,C,looking_around,P,UNKNOWN,SCB-prefix-0001004,1
R4-final,scb_head,classroom_or_exam_context,C,looking_around,P,UNKNOWN,SCB-prefix-0001064,1
R4-final,scb_head,classroom_or_exam_context,C,looking_around,P,UNKNOWN,SCB-prefix-0002027,1
R4-final,scb_head,classroom_or_exam_context,C,looking_around,P,UNKNOWN,SCB-prefix-0002034,1
R4-final,scb_head,classroom_or_exam_context,C,looking_around,P,UNKNOWN,SCB-prefix-0006012,1
R4-final,scb_head,classroom_or_exam_context,C,looking_around,P,UNKNOWN,SCB-prefix-137,1
R4-final,scb_head,classroom_or_exam_context,C,looking_around,P,UNKNOWN,SCB-prefix-143,1
R4-final,scb_head,classroom_or_exam_context,C,looking_around,P,UNKNOWN,SCB-prefix-15,1
R4-final,scb_head,classroom_or_exam_context,C,looking_around,P,UNKNOWN,SCB-prefix-23,1
R4-final,scb_head,classroom_or_exam_context,C,looking_around,P,UNKNOWN,SCB-prefix-24,1
R4-final,scb_head,classroom_or_exam_context,C,looking_around,P,UNKNOWN,SCB-prefix-54,1
R4-final,scb_head,classroom_or_exam_context,C,looking_around,U,UNKNOWN,PARENT-TRAIN-V6-G-7f8137444d3c846d0587,1
R4-final,scb_head,classroom_or_exam_context,C,looking_around,U,UNKNOWN,SCB-prefix-24,1
R4-final,scb_head,classroom_or_exam_context,C,phone_use,U,UNKNOWN,PARENT-TRAIN-PB-G-18b53fda4c21055b08af,1
R4-final,scb_head,classroom_or_exam_context,C,phone_use,U,UNKNOWN,PARENT-TRAIN-PB-G-7adf3e797f0d4d4978d9,3
R4-final,scb_head,classroom_or_exam_context,C,phone_use,U,UNKNOWN,PARENT-TRAIN-PB-G-f0b75b5ac12d58228355,4
R4-final,scb_head,classroom_or_exam_context,C,phone_use,U,UNKNOWN,PARENT-TRAIN-V6-G-666a2ea0ed4f708dbff2,1
R4-final,scb_head,classroom_or_exam_context,C,phone_use,U,UNKNOWN,PARENT-TRAIN-V6-G-6af358955ba8ec5f1bd9,1
R4-final,scb_head,classroom_or_exam_context,C,phone_use,U,UNKNOWN,PARENT-TRAIN-V6-G-7f8137444d3c846d0587,1
R4-final,scb_head,classroom_or_exam_context,C,phone_use,U,UNKNOWN,SCB-prefix-0001004,1
R4-final,scb_head,classroom_or_exam_context,C,phone_use,U,UNKNOWN,SCB-prefix-0001064,1
R4-final,scb_head,classroom_or_exam_context,C,phone_use,U,UNKNOWN,SCB-prefix-0002027,1
R4-final,scb_head,classroom_or_exam_context,C,phone_use,U,UNKNOWN,SCB-prefix-0002034,1
R4-final,scb_head,classroom_or_exam_context,C,phone_use,U,UNKNOWN,SCB-prefix-0006012,1
R4-final,scb_head,classroom_or_exam_context,C,phone_use,U,UNKNOWN,SCB-prefix-137,1
R4-final,scb_head,classroom_or_exam_context,C,phone_use,U,UNKNOWN,SCB-prefix-143,1
R4-final,scb_head,classroom_or_exam_context,C,phone_use,U,UNKNOWN,SCB-prefix-149,1
R4-final,scb_head,classroom_or_exam_context,C,phone_use,U,UNKNOWN,SCB-prefix-15,1
R4-final,scb_head,classroom_or_exam_context,C,phone_use,U,UNKNOWN,SCB-prefix-23,3
R4-final,scb_head,classroom_or_exam_context,C,phone_use,U,UNKNOWN,SCB-prefix-24,2
R4-final,scb_head,classroom_or_exam_context,C,phone_use,U,UNKNOWN,SCB-prefix-54,1
R4-final,scb_hrw,classroom_or_exam_context,C,looking_around,N,UNKNOWN,PARENT-TRAIN-PB-G-18b53fda4c21055b08af,2
R4-final,scb_hrw,classroom_or_exam_context,C,looking_around,N,UNKNOWN,PARENT-TRAIN-PB-G-f0b75b5ac12d58228355,1
R4-final,scb_hrw,classroom_or_exam_context,C,looking_around,N,UNKNOWN,SCB-prefix-0009033,1
R4-final,scb_hrw,classroom_or_exam_context,C,looking_around,N,UNKNOWN,SCB-prefix-0011008,1
R4-final,scb_hrw,classroom_or_exam_context,C,looking_around,N,UNKNOWN,SCB-prefix-0016020,1
R4-final,scb_hrw,classroom_or_exam_context,C,looking_around,N,UNKNOWN,SCB-prefix-0024054,1
R4-final,scb_hrw,classroom_or_exam_context,C,looking_around,N,UNKNOWN,SCB-prefix-0088,1
R4-final,scb_hrw,classroom_or_exam_context,C,looking_around,N,UNKNOWN,SCB-prefix-133,1
R4-final,scb_hrw,classroom_or_exam_context,C,looking_around,N,UNKNOWN,SCB-prefix-1395017,1
R4-final,scb_hrw,classroom_or_exam_context,C,looking_around,N,UNKNOWN,SCB-prefix-1429005,1
R4-final,scb_hrw,classroom_or_exam_context,C,looking_around,N,UNKNOWN,SCB-prefix-3000088,1
R4-final,scb_hrw,classroom_or_exam_context,C,looking_around,N,UNKNOWN,SCB-prefix-3000173,1
R4-final,scb_hrw,classroom_or_exam_context,C,looking_around,N,UNKNOWN,SCB-prefix-3000250,1
R4-final,scb_hrw,classroom_or_exam_context,C,looking_around,N,UNKNOWN,SCB-prefix-3004049,1
R4-final,scb_hrw,classroom_or_exam_context,C,looking_around,N,UNKNOWN,SCB-prefix-3004065,1
R4-final,scb_hrw,classroom_or_exam_context,C,looking_around,N,UNKNOWN,V7-MERGED-8b409f90927e,1
R4-final,scb_hrw,classroom_or_exam_context,C,looking_around,U,UNKNOWN,SCB-prefix-19,1
R4-final,scb_hrw,classroom_or_exam_context,C,phone_use,U,UNKNOWN,PARENT-TRAIN-PB-G-18b53fda4c21055b08af,2
R4-final,scb_hrw,classroom_or_exam_context,C,phone_use,U,UNKNOWN,PARENT-TRAIN-PB-G-f0b75b5ac12d58228355,1
R4-final,scb_hrw,classroom_or_exam_context,C,phone_use,U,UNKNOWN,SCB-prefix-0009033,1
R4-final,scb_hrw,classroom_or_exam_context,C,phone_use,U,UNKNOWN,SCB-prefix-0011008,1
R4-final,scb_hrw,classroom_or_exam_context,C,phone_use,U,UNKNOWN,SCB-prefix-0016020,1
R4-final,scb_hrw,classroom_or_exam_context,C,phone_use,U,UNKNOWN,SCB-prefix-0024054,1
R4-final,scb_hrw,classroom_or_exam_context,C,phone_use,U,UNKNOWN,SCB-prefix-0088,1
R4-final,scb_hrw,classroom_or_exam_context,C,phone_use,U,UNKNOWN,SCB-prefix-133,1
R4-final,scb_hrw,classroom_or_exam_context,C,phone_use,U,UNKNOWN,SCB-prefix-1395017,1
R4-final,scb_hrw,classroom_or_exam_context,C,phone_use,U,UNKNOWN,SCB-prefix-1429005,1
R4-final,scb_hrw,classroom_or_exam_context,C,phone_use,U,UNKNOWN,SCB-prefix-19,1
R4-final,scb_hrw,classroom_or_exam_context,C,phone_use,U,UNKNOWN,SCB-prefix-3000088,1
R4-final,scb_hrw,classroom_or_exam_context,C,phone_use,U,UNKNOWN,SCB-prefix-3000173,1
R4-final,scb_hrw,classroom_or_exam_context,C,phone_use,U,UNKNOWN,SCB-prefix-3000250,1
R4-final,scb_hrw,classroom_or_exam_context,C,phone_use,U,UNKNOWN,SCB-prefix-3004049,1
R4-final,scb_hrw,classroom_or_exam_context,C,phone_use,U,UNKNOWN,SCB-prefix-3004065,1
R4-final,scb_hrw,classroom_or_exam_context,C,phone_use,U,UNKNOWN,V7-MERGED-8b409f90927e,1
R4-final,student_behaviour,classroom_or_exam_context,B,looking_around,N,UNKNOWN,RF-screen-253,2
R4-final,student_behaviour,classroom_or_exam_context,B,looking_around,N,UNKNOWN,RF-screen-278,2
R4-final,student_behaviour,classroom_or_exam_context,B,looking_around,N,UNKNOWN,RF-screen-279,1
R4-final,student_behaviour,classroom_or_exam_context,B,looking_around,N,UNKNOWN,RF-screen-280,1
R4-final,student_behaviour,classroom_or_exam_context,B,looking_around,N,UNKNOWN,RF-screen-282,1
R4-final,student_behaviour,classroom_or_exam_context,B,looking_around,N,UNKNOWN,RF-screen-285,1
R4-final,student_behaviour,classroom_or_exam_context,B,looking_around,N,UNKNOWN,RF-screen-288,1
R4-final,student_behaviour,classroom_or_exam_context,B,looking_around,N,UNKNOWN,RF-screen-293,1
R4-final,student_behaviour,classroom_or_exam_context,B,looking_around,N,UNKNOWN,RF-screen-297,1
R4-final,student_behaviour,classroom_or_exam_context,B,looking_around,N,UNKNOWN,V7-MERGED-8b409f90927e,1
R4-final,student_behaviour,classroom_or_exam_context,B,looking_around,U,UNKNOWN,RF-screen-280,1
R4-final,student_behaviour,classroom_or_exam_context,B,looking_around,U,UNKNOWN,RF-screen-291,1
R4-final,student_behaviour,classroom_or_exam_context,B,phone_use,N,UNKNOWN,RF-screen-253,2
R4-final,student_behaviour,classroom_or_exam_context,B,phone_use,N,UNKNOWN,RF-screen-278,2
R4-final,student_behaviour,classroom_or_exam_context,B,phone_use,N,UNKNOWN,RF-screen-279,1
R4-final,student_behaviour,classroom_or_exam_context,B,phone_use,N,UNKNOWN,RF-screen-280,1
R4-final,student_behaviour,classroom_or_exam_context,B,phone_use,N,UNKNOWN,RF-screen-282,1
R4-final,student_behaviour,classroom_or_exam_context,B,phone_use,N,UNKNOWN,RF-screen-285,1
R4-final,student_behaviour,classroom_or_exam_context,B,phone_use,N,UNKNOWN,RF-screen-288,1
R4-final,student_behaviour,classroom_or_exam_context,B,phone_use,N,UNKNOWN,RF-screen-293,1
R4-final,student_behaviour,classroom_or_exam_context,B,phone_use,N,UNKNOWN,RF-screen-297,1
R4-final,student_behaviour,classroom_or_exam_context,B,phone_use,N,UNKNOWN,V7-MERGED-8b409f90927e,1
R4-final,student_behaviour,classroom_or_exam_context,B,phone_use,U,UNKNOWN,RF-screen-280,1
R4-final,student_behaviour,classroom_or_exam_context,B,phone_use,U,UNKNOWN,RF-screen-291,1
